level_id,locale,tier,learning_objective,correctness_review,language_review,age_review,cultural_review,accessibility_review,reviewer,review_date,status,notes
pd-lv001,en,junior,visual observation and matching,,,,,,,,pending,
pd-lv001,vi,junior,quan sát hình ảnh và ghép cặp,,,,,,,,pending,
pd-lv002,en,junior,visual observation and matching,,,,,,,,pending,
pd-lv002,vi,junior,quan sát hình ảnh và ghép cặp,,,,,,,,pending,
pd-lv003,en,junior,visual observation and matching,,,,,,,,pending,
pd-lv003,vi,junior,quan sát hình ảnh và ghép cặp,,,,,,,,pending,
pd-lv004,en,junior,visual observation and matching,,,,,,,,pending,
pd-lv004,vi,junior,quan sát hình ảnh và ghép cặp,,,,,,,,pending,
pd-lv005,en,junior,visual observation and matching,,,,,,,,pending,
pd-lv005,vi,junior,quan sát hình ảnh và ghép cặp,,,,,,,,pending,
pd-lv006,en,junior,visual observation and matching,,,,,,,,pending,
pd-lv006,vi,junior,quan sát hình ảnh và ghép cặp,,,,,,,,pending,
pd-lv007,en,junior,visual observation and matching,,,,,,,,pending,
pd-lv007,vi,junior,quan sát hình ảnh và ghép cặp,,,,,,,,pending,
pd-lv008,en,junior,visual observation and matching,,,,,,,,pending,
pd-lv008,vi,junior,quan sát hình ảnh và ghép cặp,,,,,,,,pending,
pd-lv009,en,junior,visual observation and matching,,,,,,,,pending,
pd-lv009,vi,junior,quan sát hình ảnh và ghép cặp,,,,,,,,pending,
pd-lv010,en,junior,visual observation and matching,,,,,,,,pending,
pd-lv010,vi,junior,quan sát hình ảnh và ghép cặp,,,,,,,,pending,
pd-lv011,en,junior,visual observation and matching,,,,,,,,pending,
pd-lv011,vi,junior,quan sát hình ảnh và ghép cặp,,,,,,,,pending,
pd-lv012,en,junior,visual observation and matching,,,,,,,,pending,
pd-lv012,vi,junior,quan sát hình ảnh và ghép cặp,,,,,,,,pending,
pd-lv013,en,junior,visual observation and matching,,,,,,,,pending,
pd-lv013,vi,junior,quan sát hình ảnh và ghép cặp,,,,,,,,pending,
pd-lv014,en,junior,visual observation and matching,,,,,,,,pending,
pd-lv014,vi,junior,quan sát hình ảnh và ghép cặp,,,,,,,,pending,
pd-lv015,en,junior,visual observation and matching,,,,,,,,pending,
pd-lv015,vi,junior,quan sát hình ảnh và ghép cặp,,,,,,,,pending,
pd-lv016,en,junior,visual observation and matching,,,,,,,,pending,
pd-lv016,vi,junior,quan sát hình ảnh và ghép cặp,,,,,,,,pending,
pd-lv017,en,junior,visual observation and matching,,,,,,,,pending,
pd-lv017,vi,junior,quan sát hình ảnh và ghép cặp,,,,,,,,pending,
pd-lv018,en,junior,visual observation and matching,,,,,,,,pending,
pd-lv018,vi,junior,quan sát hình ảnh và ghép cặp,,,,,,,,pending,
pd-lv019,en,junior,visual observation and matching,,,,,,,,pending,
pd-lv019,vi,junior,quan sát hình ảnh và ghép cặp,,,,,,,,pending,
pd-lv020,en,junior,visual observation and matching,,,,,,,,pending,
pd-lv020,vi,junior,quan sát hình ảnh và ghép cặp,,,,,,,,pending,
pd-lv021,en,explorer,visual observation and matching,,,,,,,,pending,
pd-lv021,vi,explorer,quan sát hình ảnh và ghép cặp,,,,,,,,pending,
pd-lv022,en,explorer,visual observation and matching,,,,,,,,pending,
pd-lv022,vi,explorer,quan sát hình ảnh và ghép cặp,,,,,,,,pending,
pd-lv023,en,explorer,visual observation and matching,,,,,,,,pending,
pd-lv023,vi,explorer,quan sát hình ảnh và ghép cặp,,,,,,,,pending,
pd-lv024,en,explorer,visual observation and matching,,,,,,,,pending,
pd-lv024,vi,explorer,quan sát hình ảnh và ghép cặp,,,,,,,,pending,
pd-lv025,en,explorer,visual observation and matching,,,,,,,,pending,
pd-lv025,vi,explorer,quan sát hình ảnh và ghép cặp,,,,,,,,pending,
pd-lv026,en,explorer,visual observation and matching,,,,,,,,pending,
pd-lv026,vi,explorer,quan sát hình ảnh và ghép cặp,,,,,,,,pending,
pd-lv027,en,explorer,visual observation and matching,,,,,,,,pending,
pd-lv027,vi,explorer,quan sát hình ảnh và ghép cặp,,,,,,,,pending,
pd-lv028,en,explorer,visual observation and matching,,,,,,,,pending,
pd-lv028,vi,explorer,quan sát hình ảnh và ghép cặp,,,,,,,,pending,
pd-lv029,en,explorer,visual observation and matching,,,,,,,,pending,
pd-lv029,vi,explorer,quan sát hình ảnh và ghép cặp,,,,,,,,pending,
pd-lv030,en,explorer,visual observation and matching,,,,,,,,pending,
pd-lv030,vi,explorer,quan sát hình ảnh và ghép cặp,,,,,,,,pending,
pd-lv031,en,explorer,visual observation and matching,,,,,,,,pending,
pd-lv031,vi,explorer,quan sát hình ảnh và ghép cặp,,,,,,,,pending,
pd-lv032,en,explorer,visual observation and matching,,,,,,,,pending,
pd-lv032,vi,explorer,quan sát hình ảnh và ghép cặp,,,,,,,,pending,
pd-lv033,en,explorer,visual observation and matching,,,,,,,,pending,
pd-lv033,vi,explorer,quan sát hình ảnh và ghép cặp,,,,,,,,pending,
pd-lv034,en,explorer,visual observation and matching,,,,,,,,pending,
pd-lv034,vi,explorer,quan sát hình ảnh và ghép cặp,,,,,,,,pending,
pd-lv035,en,explorer,visual observation and matching,,,,,,,,pending,
pd-lv035,vi,explorer,quan sát hình ảnh và ghép cặp,,,,,,,,pending,
pd-lv036,en,explorer,visual observation and matching,,,,,,,,pending,
pd-lv036,vi,explorer,quan sát hình ảnh và ghép cặp,,,,,,,,pending,
pd-lv037,en,explorer,visual observation and matching,,,,,,,,pending,
pd-lv037,vi,explorer,quan sát hình ảnh và ghép cặp,,,,,,,,pending,
pd-lv038,en,explorer,visual observation and matching,,,,,,,,pending,
pd-lv038,vi,explorer,quan sát hình ảnh và ghép cặp,,,,,,,,pending,
pd-lv039,en,explorer,visual observation and matching,,,,,,,,pending,
pd-lv039,vi,explorer,quan sát hình ảnh và ghép cặp,,,,,,,,pending,
pd-lv040,en,explorer,visual observation and matching,,,,,,,,pending,
pd-lv040,vi,explorer,quan sát hình ảnh và ghép cặp,,,,,,,,pending,
pd-lv041,en,master,visual observation and matching,,,,,,,,pending,
pd-lv041,vi,master,quan sát hình ảnh và ghép cặp,,,,,,,,pending,
pd-lv042,en,master,visual observation and matching,,,,,,,,pending,
pd-lv042,vi,master,quan sát hình ảnh và ghép cặp,,,,,,,,pending,
pd-lv043,en,master,visual observation and matching,,,,,,,,pending,
pd-lv043,vi,master,quan sát hình ảnh và ghép cặp,,,,,,,,pending,
pd-lv044,en,master,visual observation and matching,,,,,,,,pending,
pd-lv044,vi,master,quan sát hình ảnh và ghép cặp,,,,,,,,pending,
pd-lv045,en,master,visual observation and matching,,,,,,,,pending,
pd-lv045,vi,master,quan sát hình ảnh và ghép cặp,,,,,,,,pending,
pd-lv046,en,master,visual observation and matching,,,,,,,,pending,
pd-lv046,vi,master,quan sát hình ảnh và ghép cặp,,,,,,,,pending,
pd-lv047,en,master,visual observation and matching,,,,,,,,pending,
pd-lv047,vi,master,quan sát hình ảnh và ghép cặp,,,,,,,,pending,
pd-lv048,en,master,visual observation and matching,,,,,,,,pending,
pd-lv048,vi,master,quan sát hình ảnh và ghép cặp,,,,,,,,pending,
pd-lv049,en,master,visual observation and matching,,,,,,,,pending,
pd-lv049,vi,master,quan sát hình ảnh và ghép cặp,,,,,,,,pending,
pd-lv050,en,master,visual observation and matching,,,,,,,,pending,
pd-lv050,vi,master,quan sát hình ảnh và ghép cặp,,,,,,,,pending,
pd-lv051,en,master,visual observation and matching,,,,,,,,pending,
pd-lv051,vi,master,quan sát hình ảnh và ghép cặp,,,,,,,,pending,
pd-lv052,en,master,visual observation and matching,,,,,,,,pending,
pd-lv052,vi,master,quan sát hình ảnh và ghép cặp,,,,,,,,pending,
pd-lv053,en,master,visual observation and matching,,,,,,,,pending,
pd-lv053,vi,master,quan sát hình ảnh và ghép cặp,,,,,,,,pending,
pd-lv054,en,master,visual observation and matching,,,,,,,,pending,
pd-lv054,vi,master,quan sát hình ảnh và ghép cặp,,,,,,,,pending,
pd-lv055,en,master,visual observation and matching,,,,,,,,pending,
pd-lv055,vi,master,quan sát hình ảnh và ghép cặp,,,,,,,,pending,
pd-lv056,en,master,visual observation and matching,,,,,,,,pending,
pd-lv056,vi,master,quan sát hình ảnh và ghép cặp,,,,,,,,pending,
pd-lv057,en,master,visual observation and matching,,,,,,,,pending,
pd-lv057,vi,master,quan sát hình ảnh và ghép cặp,,,,,,,,pending,
pd-lv058,en,master,visual observation and matching,,,,,,,,pending,
pd-lv058,vi,master,quan sát hình ảnh và ghép cặp,,,,,,,,pending,
pd-lv059,en,master,visual observation and matching,,,,,,,,pending,
pd-lv059,vi,master,quan sát hình ảnh và ghép cặp,,,,,,,,pending,
pd-lv060,en,master,visual observation and matching,,,,,,,,pending,
pd-lv060,vi,master,quan sát hình ảnh và ghép cặp,,,,,,,,pending,
cb-lv001,en,junior,color classification,,,,,,,,pending,
cb-lv001,vi,junior,phân loại màu sắc,,,,,,,,pending,
cb-lv002,en,junior,color classification,,,,,,,,pending,
cb-lv002,vi,junior,phân loại màu sắc,,,,,,,,pending,
cb-lv003,en,junior,color classification,,,,,,,,pending,
cb-lv003,vi,junior,phân loại màu sắc,,,,,,,,pending,
cb-lv004,en,junior,color classification,,,,,,,,pending,
cb-lv004,vi,junior,phân loại màu sắc,,,,,,,,pending,
cb-lv005,en,junior,color classification,,,,,,,,pending,
cb-lv005,vi,junior,phân loại màu sắc,,,,,,,,pending,
cb-lv006,en,junior,color classification,,,,,,,,pending,
cb-lv006,vi,junior,phân loại màu sắc,,,,,,,,pending,
cb-lv007,en,junior,color classification,,,,,,,,pending,
cb-lv007,vi,junior,phân loại màu sắc,,,,,,,,pending,
cb-lv008,en,junior,color classification,,,,,,,,pending,
cb-lv008,vi,junior,phân loại màu sắc,,,,,,,,pending,
cb-lv009,en,junior,color classification,,,,,,,,pending,
cb-lv009,vi,junior,phân loại màu sắc,,,,,,,,pending,
cb-lv010,en,junior,color classification,,,,,,,,pending,
cb-lv010,vi,junior,phân loại màu sắc,,,,,,,,pending,
cb-lv011,en,junior,color classification,,,,,,,,pending,
cb-lv011,vi,junior,phân loại màu sắc,,,,,,,,pending,
cb-lv012,en,junior,color classification,,,,,,,,pending,
cb-lv012,vi,junior,phân loại màu sắc,,,,,,,,pending,
cb-lv013,en,junior,color classification,,,,,,,,pending,
cb-lv013,vi,junior,phân loại màu sắc,,,,,,,,pending,
cb-lv014,en,junior,color classification,,,,,,,,pending,
cb-lv014,vi,junior,phân loại màu sắc,,,,,,,,pending,
cb-lv015,en,junior,color classification,,,,,,,,pending,
cb-lv015,vi,junior,phân loại màu sắc,,,,,,,,pending,
cb-lv016,en,junior,color classification,,,,,,,,pending,
cb-lv016,vi,junior,phân loại màu sắc,,,,,,,,pending,
cb-lv017,en,junior,color classification,,,,,,,,pending,
cb-lv017,vi,junior,phân loại màu sắc,,,,,,,,pending,
cb-lv018,en,junior,color classification,,,,,,,,pending,
cb-lv018,vi,junior,phân loại màu sắc,,,,,,,,pending,
cb-lv019,en,junior,color classification,,,,,,,,pending,
cb-lv019,vi,junior,phân loại màu sắc,,,,,,,,pending,
cb-lv020,en,junior,color classification,,,,,,,,pending,
cb-lv020,vi,junior,phân loại màu sắc,,,,,,,,pending,
cb-lv021,en,explorer,color classification,,,,,,,,pending,
cb-lv021,vi,explorer,phân loại màu sắc,,,,,,,,pending,
cb-lv022,en,explorer,color classification,,,,,,,,pending,
cb-lv022,vi,explorer,phân loại màu sắc,,,,,,,,pending,
cb-lv023,en,explorer,color classification,,,,,,,,pending,
cb-lv023,vi,explorer,phân loại màu sắc,,,,,,,,pending,
cb-lv024,en,explorer,color classification,,,,,,,,pending,
cb-lv024,vi,explorer,phân loại màu sắc,,,,,,,,pending,
cb-lv025,en,explorer,color classification,,,,,,,,pending,
cb-lv025,vi,explorer,phân loại màu sắc,,,,,,,,pending,
cb-lv026,en,explorer,color classification,,,,,,,,pending,
cb-lv026,vi,explorer,phân loại màu sắc,,,,,,,,pending,
cb-lv027,en,explorer,color classification,,,,,,,,pending,
cb-lv027,vi,explorer,phân loại màu sắc,,,,,,,,pending,
cb-lv028,en,explorer,color classification,,,,,,,,pending,
cb-lv028,vi,explorer,phân loại màu sắc,,,,,,,,pending,
cb-lv029,en,explorer,color classification,,,,,,,,pending,
cb-lv029,vi,explorer,phân loại màu sắc,,,,,,,,pending,
cb-lv030,en,explorer,color classification,,,,,,,,pending,
cb-lv030,vi,explorer,phân loại màu sắc,,,,,,,,pending,
cb-lv031,en,explorer,color classification,,,,,,,,pending,
cb-lv031,vi,explorer,phân loại màu sắc,,,,,,,,pending,
cb-lv032,en,explorer,color classification,,,,,,,,pending,
cb-lv032,vi,explorer,phân loại màu sắc,,,,,,,,pending,
cb-lv033,en,explorer,color classification,,,,,,,,pending,
cb-lv033,vi,explorer,phân loại màu sắc,,,,,,,,pending,
cb-lv034,en,explorer,color classification,,,,,,,,pending,
cb-lv034,vi,explorer,phân loại màu sắc,,,,,,,,pending,
cb-lv035,en,explorer,color classification,,,,,,,,pending,
cb-lv035,vi,explorer,phân loại màu sắc,,,,,,,,pending,
cb-lv036,en,explorer,color classification,,,,,,,,pending,
cb-lv036,vi,explorer,phân loại màu sắc,,,,,,,,pending,
cb-lv037,en,explorer,color classification,,,,,,,,pending,
cb-lv037,vi,explorer,phân loại màu sắc,,,,,,,,pending,
cb-lv038,en,explorer,color classification,,,,,,,,pending,
cb-lv038,vi,explorer,phân loại màu sắc,,,,,,,,pending,
cb-lv039,en,explorer,color classification,,,,,,,,pending,
cb-lv039,vi,explorer,phân loại màu sắc,,,,,,,,pending,
cb-lv040,en,explorer,color classification,,,,,,,,pending,
cb-lv040,vi,explorer,phân loại màu sắc,,,,,,,,pending,
cb-lv041,en,master,color classification,,,,,,,,pending,
cb-lv041,vi,master,phân loại màu sắc,,,,,,,,pending,
cb-lv042,en,master,color classification,,,,,,,,pending,
cb-lv042,vi,master,phân loại màu sắc,,,,,,,,pending,
cb-lv043,en,master,color classification,,,,,,,,pending,
cb-lv043,vi,master,phân loại màu sắc,,,,,,,,pending,
cb-lv044,en,master,color classification,,,,,,,,pending,
cb-lv044,vi,master,phân loại màu sắc,,,,,,,,pending,
cb-lv045,en,master,color classification,,,,,,,,pending,
cb-lv045,vi,master,phân loại màu sắc,,,,,,,,pending,
cb-lv046,en,master,color classification,,,,,,,,pending,
cb-lv046,vi,master,phân loại màu sắc,,,,,,,,pending,
cb-lv047,en,master,color classification,,,,,,,,pending,
cb-lv047,vi,master,phân loại màu sắc,,,,,,,,pending,
cb-lv048,en,master,color classification,,,,,,,,pending,
cb-lv048,vi,master,phân loại màu sắc,,,,,,,,pending,
cb-lv049,en,master,color classification,,,,,,,,pending,
cb-lv049,vi,master,phân loại màu sắc,,,,,,,,pending,
cb-lv050,en,master,color classification,,,,,,,,pending,
cb-lv050,vi,master,phân loại màu sắc,,,,,,,,pending,
cb-lv051,en,master,color classification,,,,,,,,pending,
cb-lv051,vi,master,phân loại màu sắc,,,,,,,,pending,
cb-lv052,en,master,color classification,,,,,,,,pending,
cb-lv052,vi,master,phân loại màu sắc,,,,,,,,pending,
cb-lv053,en,master,color classification,,,,,,,,pending,
cb-lv053,vi,master,phân loại màu sắc,,,,,,,,pending,
cb-lv054,en,master,color classification,,,,,,,,pending,
cb-lv054,vi,master,phân loại màu sắc,,,,,,,,pending,
cb-lv055,en,master,color classification,,,,,,,,pending,
cb-lv055,vi,master,phân loại màu sắc,,,,,,,,pending,
cb-lv056,en,master,color classification,,,,,,,,pending,
cb-lv056,vi,master,phân loại màu sắc,,,,,,,,pending,
cb-lv057,en,master,color classification,,,,,,,,pending,
cb-lv057,vi,master,phân loại màu sắc,,,,,,,,pending,
cb-lv058,en,master,color classification,,,,,,,,pending,
cb-lv058,vi,master,phân loại màu sắc,,,,,,,,pending,
cb-lv059,en,master,color classification,,,,,,,,pending,
cb-lv059,vi,master,phân loại màu sắc,,,,,,,,pending,
cb-lv060,en,master,color classification,,,,,,,,pending,
cb-lv060,vi,master,phân loại màu sắc,,,,,,,,pending,
ah-lv001,en,junior,life-science association,,,,,,,,pending,
ah-lv001,vi,junior,ghép cặp khoa học sự sống,,,,,,,,pending,
ah-lv002,en,junior,life-science association,,,,,,,,pending,
ah-lv002,vi,junior,ghép cặp khoa học sự sống,,,,,,,,pending,
ah-lv003,en,junior,life-science association,,,,,,,,pending,
ah-lv003,vi,junior,ghép cặp khoa học sự sống,,,,,,,,pending,
ah-lv004,en,junior,life-science association,,,,,,,,pending,
ah-lv004,vi,junior,ghép cặp khoa học sự sống,,,,,,,,pending,
ah-lv005,en,junior,life-science association,,,,,,,,pending,
ah-lv005,vi,junior,ghép cặp khoa học sự sống,,,,,,,,pending,
ah-lv006,en,junior,life-science association,,,,,,,,pending,
ah-lv006,vi,junior,ghép cặp khoa học sự sống,,,,,,,,pending,
ah-lv007,en,junior,life-science association,,,,,,,,pending,
ah-lv007,vi,junior,ghép cặp khoa học sự sống,,,,,,,,pending,
ah-lv008,en,junior,life-science association,,,,,,,,pending,
ah-lv008,vi,junior,ghép cặp khoa học sự sống,,,,,,,,pending,
ah-lv009,en,junior,life-science association,,,,,,,,pending,
ah-lv009,vi,junior,ghép cặp khoa học sự sống,,,,,,,,pending,
ah-lv010,en,junior,life-science association,,,,,,,,pending,
ah-lv010,vi,junior,ghép cặp khoa học sự sống,,,,,,,,pending,
ah-lv011,en,junior,life-science association,,,,,,,,pending,
ah-lv011,vi,junior,ghép cặp khoa học sự sống,,,,,,,,pending,
ah-lv012,en,junior,life-science association,,,,,,,,pending,
ah-lv012,vi,junior,ghép cặp khoa học sự sống,,,,,,,,pending,
ah-lv013,en,junior,life-science association,,,,,,,,pending,
ah-lv013,vi,junior,ghép cặp khoa học sự sống,,,,,,,,pending,
ah-lv014,en,junior,life-science association,,,,,,,,pending,
ah-lv014,vi,junior,ghép cặp khoa học sự sống,,,,,,,,pending,
ah-lv015,en,junior,life-science association,,,,,,,,pending,
ah-lv015,vi,junior,ghép cặp khoa học sự sống,,,,,,,,pending,
ah-lv016,en,junior,life-science association,,,,,,,,pending,
ah-lv016,vi,junior,ghép cặp khoa học sự sống,,,,,,,,pending,
ah-lv017,en,junior,life-science association,,,,,,,,pending,
ah-lv017,vi,junior,ghép cặp khoa học sự sống,,,,,,,,pending,
ah-lv018,en,junior,life-science association,,,,,,,,pending,
ah-lv018,vi,junior,ghép cặp khoa học sự sống,,,,,,,,pending,
ah-lv019,en,junior,life-science association,,,,,,,,pending,
ah-lv019,vi,junior,ghép cặp khoa học sự sống,,,,,,,,pending,
ah-lv020,en,junior,life-science association,,,,,,,,pending,
ah-lv020,vi,junior,ghép cặp khoa học sự sống,,,,,,,,pending,
ah-lv021,en,explorer,life-science association,,,,,,,,pending,
ah-lv021,vi,explorer,ghép cặp khoa học sự sống,,,,,,,,pending,
ah-lv022,en,explorer,life-science association,,,,,,,,pending,
ah-lv022,vi,explorer,ghép cặp khoa học sự sống,,,,,,,,pending,
ah-lv023,en,explorer,life-science association,,,,,,,,pending,
ah-lv023,vi,explorer,ghép cặp khoa học sự sống,,,,,,,,pending,
ah-lv024,en,explorer,life-science association,,,,,,,,pending,
ah-lv024,vi,explorer,ghép cặp khoa học sự sống,,,,,,,,pending,
ah-lv025,en,explorer,life-science association,,,,,,,,pending,
ah-lv025,vi,explorer,ghép cặp khoa học sự sống,,,,,,,,pending,
ah-lv026,en,explorer,life-science association,,,,,,,,pending,
ah-lv026,vi,explorer,ghép cặp khoa học sự sống,,,,,,,,pending,
ah-lv027,en,explorer,life-science association,,,,,,,,pending,
ah-lv027,vi,explorer,ghép cặp khoa học sự sống,,,,,,,,pending,
ah-lv028,en,explorer,life-science association,,,,,,,,pending,
ah-lv028,vi,explorer,ghép cặp khoa học sự sống,,,,,,,,pending,
ah-lv029,en,explorer,life-science association,,,,,,,,pending,
ah-lv029,vi,explorer,ghép cặp khoa học sự sống,,,,,,,,pending,
ah-lv030,en,explorer,life-science association,,,,,,,,pending,
ah-lv030,vi,explorer,ghép cặp khoa học sự sống,,,,,,,,pending,
ah-lv031,en,explorer,life-science association,,,,,,,,pending,
ah-lv031,vi,explorer,ghép cặp khoa học sự sống,,,,,,,,pending,
ah-lv032,en,explorer,life-science association,,,,,,,,pending,
ah-lv032,vi,explorer,ghép cặp khoa học sự sống,,,,,,,,pending,
ah-lv033,en,explorer,life-science association,,,,,,,,pending,
ah-lv033,vi,explorer,ghép cặp khoa học sự sống,,,,,,,,pending,
ah-lv034,en,explorer,life-science association,,,,,,,,pending,
ah-lv034,vi,explorer,ghép cặp khoa học sự sống,,,,,,,,pending,
ah-lv035,en,explorer,life-science association,,,,,,,,pending,
ah-lv035,vi,explorer,ghép cặp khoa học sự sống,,,,,,,,pending,
ah-lv036,en,explorer,life-science association,,,,,,,,pending,
ah-lv036,vi,explorer,ghép cặp khoa học sự sống,,,,,,,,pending,
ah-lv037,en,explorer,life-science association,,,,,,,,pending,
ah-lv037,vi,explorer,ghép cặp khoa học sự sống,,,,,,,,pending,
ah-lv038,en,explorer,life-science association,,,,,,,,pending,
ah-lv038,vi,explorer,ghép cặp khoa học sự sống,,,,,,,,pending,
ah-lv039,en,explorer,life-science association,,,,,,,,pending,
ah-lv039,vi,explorer,ghép cặp khoa học sự sống,,,,,,,,pending,
ah-lv040,en,explorer,life-science association,,,,,,,,pending,
ah-lv040,vi,explorer,ghép cặp khoa học sự sống,,,,,,,,pending,
ah-lv041,en,master,life-science association,,,,,,,,pending,
ah-lv041,vi,master,ghép cặp khoa học sự sống,,,,,,,,pending,
ah-lv042,en,master,life-science association,,,,,,,,pending,
ah-lv042,vi,master,ghép cặp khoa học sự sống,,,,,,,,pending,
ah-lv043,en,master,life-science association,,,,,,,,pending,
ah-lv043,vi,master,ghép cặp khoa học sự sống,,,,,,,,pending,
ah-lv044,en,master,life-science association,,,,,,,,pending,
ah-lv044,vi,master,ghép cặp khoa học sự sống,,,,,,,,pending,
ah-lv045,en,master,life-science association,,,,,,,,pending,
ah-lv045,vi,master,ghép cặp khoa học sự sống,,,,,,,,pending,
ah-lv046,en,master,life-science association,,,,,,,,pending,
ah-lv046,vi,master,ghép cặp khoa học sự sống,,,,,,,,pending,
ah-lv047,en,master,life-science association,,,,,,,,pending,
ah-lv047,vi,master,ghép cặp khoa học sự sống,,,,,,,,pending,
ah-lv048,en,master,life-science association,,,,,,,,pending,
ah-lv048,vi,master,ghép cặp khoa học sự sống,,,,,,,,pending,
ah-lv049,en,master,life-science association,,,,,,,,pending,
ah-lv049,vi,master,ghép cặp khoa học sự sống,,,,,,,,pending,
ah-lv050,en,master,life-science association,,,,,,,,pending,
ah-lv050,vi,master,ghép cặp khoa học sự sống,,,,,,,,pending,
ah-lv051,en,master,life-science association,,,,,,,,pending,
ah-lv051,vi,master,ghép cặp khoa học sự sống,,,,,,,,pending,
ah-lv052,en,master,life-science association,,,,,,,,pending,
ah-lv052,vi,master,ghép cặp khoa học sự sống,,,,,,,,pending,
ah-lv053,en,master,life-science association,,,,,,,,pending,
ah-lv053,vi,master,ghép cặp khoa học sự sống,,,,,,,,pending,
ah-lv054,en,master,life-science association,,,,,,,,pending,
ah-lv054,vi,master,ghép cặp khoa học sự sống,,,,,,,,pending,
ah-lv055,en,master,life-science association,,,,,,,,pending,
ah-lv055,vi,master,ghép cặp khoa học sự sống,,,,,,,,pending,
ah-lv056,en,master,life-science association,,,,,,,,pending,
ah-lv056,vi,master,ghép cặp khoa học sự sống,,,,,,,,pending,
ah-lv057,en,master,life-science association,,,,,,,,pending,
ah-lv057,vi,master,ghép cặp khoa học sự sống,,,,,,,,pending,
ah-lv058,en,master,life-science association,,,,,,,,pending,
ah-lv058,vi,master,ghép cặp khoa học sự sống,,,,,,,,pending,
ah-lv059,en,master,life-science association,,,,,,,,pending,
ah-lv059,vi,master,ghép cặp khoa học sự sống,,,,,,,,pending,
ah-lv060,en,master,life-science association,,,,,,,,pending,
ah-lv060,vi,master,ghép cặp khoa học sự sống,,,,,,,,pending,
dr-lv001,en,junior,daily routine sequencing,,,,,,,,pending,
dr-lv001,vi,junior,sắp xếp trình tự sinh hoạt hằng ngày,,,,,,,,pending,
dr-lv002,en,junior,daily routine sequencing,,,,,,,,pending,
dr-lv002,vi,junior,sắp xếp trình tự sinh hoạt hằng ngày,,,,,,,,pending,
dr-lv003,en,junior,daily routine sequencing,,,,,,,,pending,
dr-lv003,vi,junior,sắp xếp trình tự sinh hoạt hằng ngày,,,,,,,,pending,
dr-lv004,en,junior,daily routine sequencing,,,,,,,,pending,
dr-lv004,vi,junior,sắp xếp trình tự sinh hoạt hằng ngày,,,,,,,,pending,
dr-lv005,en,junior,daily routine sequencing,,,,,,,,pending,
dr-lv005,vi,junior,sắp xếp trình tự sinh hoạt hằng ngày,,,,,,,,pending,
dr-lv006,en,junior,daily routine sequencing,,,,,,,,pending,
dr-lv006,vi,junior,sắp xếp trình tự sinh hoạt hằng ngày,,,,,,,,pending,
dr-lv007,en,junior,daily routine sequencing,,,,,,,,pending,
dr-lv007,vi,junior,sắp xếp trình tự sinh hoạt hằng ngày,,,,,,,,pending,
dr-lv008,en,junior,daily routine sequencing,,,,,,,,pending,
dr-lv008,vi,junior,sắp xếp trình tự sinh hoạt hằng ngày,,,,,,,,pending,
dr-lv009,en,junior,daily routine sequencing,,,,,,,,pending,
dr-lv009,vi,junior,sắp xếp trình tự sinh hoạt hằng ngày,,,,,,,,pending,
dr-lv010,en,junior,daily routine sequencing,,,,,,,,pending,
dr-lv010,vi,junior,sắp xếp trình tự sinh hoạt hằng ngày,,,,,,,,pending,
dr-lv011,en,junior,daily routine sequencing,,,,,,,,pending,
dr-lv011,vi,junior,sắp xếp trình tự sinh hoạt hằng ngày,,,,,,,,pending,
dr-lv012,en,junior,daily routine sequencing,,,,,,,,pending,
dr-lv012,vi,junior,sắp xếp trình tự sinh hoạt hằng ngày,,,,,,,,pending,
dr-lv013,en,junior,daily routine sequencing,,,,,,,,pending,
dr-lv013,vi,junior,sắp xếp trình tự sinh hoạt hằng ngày,,,,,,,,pending,
dr-lv014,en,junior,daily routine sequencing,,,,,,,,pending,
dr-lv014,vi,junior,sắp xếp trình tự sinh hoạt hằng ngày,,,,,,,,pending,
dr-lv015,en,junior,daily routine sequencing,,,,,,,,pending,
dr-lv015,vi,junior,sắp xếp trình tự sinh hoạt hằng ngày,,,,,,,,pending,
dr-lv016,en,junior,daily routine sequencing,,,,,,,,pending,
dr-lv016,vi,junior,sắp xếp trình tự sinh hoạt hằng ngày,,,,,,,,pending,
dr-lv017,en,junior,daily routine sequencing,,,,,,,,pending,
dr-lv017,vi,junior,sắp xếp trình tự sinh hoạt hằng ngày,,,,,,,,pending,
dr-lv018,en,junior,daily routine sequencing,,,,,,,,pending,
dr-lv018,vi,junior,sắp xếp trình tự sinh hoạt hằng ngày,,,,,,,,pending,
dr-lv019,en,junior,daily routine sequencing,,,,,,,,pending,
dr-lv019,vi,junior,sắp xếp trình tự sinh hoạt hằng ngày,,,,,,,,pending,
dr-lv020,en,junior,daily routine sequencing,,,,,,,,pending,
dr-lv020,vi,junior,sắp xếp trình tự sinh hoạt hằng ngày,,,,,,,,pending,
dr-lv021,en,explorer,daily routine sequencing,,,,,,,,pending,
dr-lv021,vi,explorer,sắp xếp trình tự sinh hoạt hằng ngày,,,,,,,,pending,
dr-lv022,en,explorer,daily routine sequencing,,,,,,,,pending,
dr-lv022,vi,explorer,sắp xếp trình tự sinh hoạt hằng ngày,,,,,,,,pending,
dr-lv023,en,explorer,daily routine sequencing,,,,,,,,pending,
dr-lv023,vi,explorer,sắp xếp trình tự sinh hoạt hằng ngày,,,,,,,,pending,
dr-lv024,en,explorer,daily routine sequencing,,,,,,,,pending,
dr-lv024,vi,explorer,sắp xếp trình tự sinh hoạt hằng ngày,,,,,,,,pending,
dr-lv025,en,explorer,daily routine sequencing,,,,,,,,pending,
dr-lv025,vi,explorer,sắp xếp trình tự sinh hoạt hằng ngày,,,,,,,,pending,
dr-lv026,en,explorer,daily routine sequencing,,,,,,,,pending,
dr-lv026,vi,explorer,sắp xếp trình tự sinh hoạt hằng ngày,,,,,,,,pending,
dr-lv027,en,explorer,daily routine sequencing,,,,,,,,pending,
dr-lv027,vi,explorer,sắp xếp trình tự sinh hoạt hằng ngày,,,,,,,,pending,
dr-lv028,en,explorer,daily routine sequencing,,,,,,,,pending,
dr-lv028,vi,explorer,sắp xếp trình tự sinh hoạt hằng ngày,,,,,,,,pending,
dr-lv029,en,explorer,daily routine sequencing,,,,,,,,pending,
dr-lv029,vi,explorer,sắp xếp trình tự sinh hoạt hằng ngày,,,,,,,,pending,
dr-lv030,en,explorer,daily routine sequencing,,,,,,,,pending,
dr-lv030,vi,explorer,sắp xếp trình tự sinh hoạt hằng ngày,,,,,,,,pending,
dr-lv031,en,explorer,daily routine sequencing,,,,,,,,pending,
dr-lv031,vi,explorer,sắp xếp trình tự sinh hoạt hằng ngày,,,,,,,,pending,
dr-lv032,en,explorer,daily routine sequencing,,,,,,,,pending,
dr-lv032,vi,explorer,sắp xếp trình tự sinh hoạt hằng ngày,,,,,,,,pending,
dr-lv033,en,explorer,daily routine sequencing,,,,,,,,pending,
dr-lv033,vi,explorer,sắp xếp trình tự sinh hoạt hằng ngày,,,,,,,,pending,
dr-lv034,en,explorer,daily routine sequencing,,,,,,,,pending,
dr-lv034,vi,explorer,sắp xếp trình tự sinh hoạt hằng ngày,,,,,,,,pending,
dr-lv035,en,explorer,daily routine sequencing,,,,,,,,pending,
dr-lv035,vi,explorer,sắp xếp trình tự sinh hoạt hằng ngày,,,,,,,,pending,
dr-lv036,en,explorer,daily routine sequencing,,,,,,,,pending,
dr-lv036,vi,explorer,sắp xếp trình tự sinh hoạt hằng ngày,,,,,,,,pending,
dr-lv037,en,explorer,daily routine sequencing,,,,,,,,pending,
dr-lv037,vi,explorer,sắp xếp trình tự sinh hoạt hằng ngày,,,,,,,,pending,
dr-lv038,en,explorer,daily routine sequencing,,,,,,,,pending,
dr-lv038,vi,explorer,sắp xếp trình tự sinh hoạt hằng ngày,,,,,,,,pending,
dr-lv039,en,explorer,daily routine sequencing,,,,,,,,pending,
dr-lv039,vi,explorer,sắp xếp trình tự sinh hoạt hằng ngày,,,,,,,,pending,
dr-lv040,en,explorer,daily routine sequencing,,,,,,,,pending,
dr-lv040,vi,explorer,sắp xếp trình tự sinh hoạt hằng ngày,,,,,,,,pending,
dr-lv041,en,master,daily routine sequencing,,,,,,,,pending,
dr-lv041,vi,master,sắp xếp trình tự sinh hoạt hằng ngày,,,,,,,,pending,
dr-lv042,en,master,daily routine sequencing,,,,,,,,pending,
dr-lv042,vi,master,sắp xếp trình tự sinh hoạt hằng ngày,,,,,,,,pending,
dr-lv043,en,master,daily routine sequencing,,,,,,,,pending,
dr-lv043,vi,master,sắp xếp trình tự sinh hoạt hằng ngày,,,,,,,,pending,
dr-lv044,en,master,daily routine sequencing,,,,,,,,pending,
dr-lv044,vi,master,sắp xếp trình tự sinh hoạt hằng ngày,,,,,,,,pending,
dr-lv045,en,master,daily routine sequencing,,,,,,,,pending,
dr-lv045,vi,master,sắp xếp trình tự sinh hoạt hằng ngày,,,,,,,,pending,
dr-lv046,en,master,daily routine sequencing,,,,,,,,pending,
dr-lv046,vi,master,sắp xếp trình tự sinh hoạt hằng ngày,,,,,,,,pending,
dr-lv047,en,master,daily routine sequencing,,,,,,,,pending,
dr-lv047,vi,master,sắp xếp trình tự sinh hoạt hằng ngày,,,,,,,,pending,
dr-lv048,en,master,daily routine sequencing,,,,,,,,pending,
dr-lv048,vi,master,sắp xếp trình tự sinh hoạt hằng ngày,,,,,,,,pending,
dr-lv049,en,master,daily routine sequencing,,,,,,,,pending,
dr-lv049,vi,master,sắp xếp trình tự sinh hoạt hằng ngày,,,,,,,,pending,
dr-lv050,en,master,daily routine sequencing,,,,,,,,pending,
dr-lv050,vi,master,sắp xếp trình tự sinh hoạt hằng ngày,,,,,,,,pending,
dr-lv051,en,master,daily routine sequencing,,,,,,,,pending,
dr-lv051,vi,master,sắp xếp trình tự sinh hoạt hằng ngày,,,,,,,,pending,
dr-lv052,en,master,daily routine sequencing,,,,,,,,pending,
dr-lv052,vi,master,sắp xếp trình tự sinh hoạt hằng ngày,,,,,,,,pending,
dr-lv053,en,master,daily routine sequencing,,,,,,,,pending,
dr-lv053,vi,master,sắp xếp trình tự sinh hoạt hằng ngày,,,,,,,,pending,
dr-lv054,en,master,daily routine sequencing,,,,,,,,pending,
dr-lv054,vi,master,sắp xếp trình tự sinh hoạt hằng ngày,,,,,,,,pending,
dr-lv055,en,master,daily routine sequencing,,,,,,,,pending,
dr-lv055,vi,master,sắp xếp trình tự sinh hoạt hằng ngày,,,,,,,,pending,
dr-lv056,en,master,daily routine sequencing,,,,,,,,pending,
dr-lv056,vi,master,sắp xếp trình tự sinh hoạt hằng ngày,,,,,,,,pending,
dr-lv057,en,master,daily routine sequencing,,,,,,,,pending,
dr-lv057,vi,master,sắp xếp trình tự sinh hoạt hằng ngày,,,,,,,,pending,
dr-lv058,en,master,daily routine sequencing,,,,,,,,pending,
dr-lv058,vi,master,sắp xếp trình tự sinh hoạt hằng ngày,,,,,,,,pending,
dr-lv059,en,master,daily routine sequencing,,,,,,,,pending,
dr-lv059,vi,master,sắp xếp trình tự sinh hoạt hằng ngày,,,,,,,,pending,
dr-lv060,en,master,daily routine sequencing,,,,,,,,pending,
dr-lv060,vi,master,sắp xếp trình tự sinh hoạt hằng ngày,,,,,,,,pending,
hf-lv001,en,junior,nutrition classification,,,,,,,,pending,
hf-lv001,vi,junior,phân loại dinh dưỡng,,,,,,,,pending,
hf-lv002,en,junior,nutrition classification,,,,,,,,pending,
hf-lv002,vi,junior,phân loại dinh dưỡng,,,,,,,,pending,
hf-lv003,en,junior,nutrition classification,,,,,,,,pending,
hf-lv003,vi,junior,phân loại dinh dưỡng,,,,,,,,pending,
hf-lv004,en,junior,nutrition classification,,,,,,,,pending,
hf-lv004,vi,junior,phân loại dinh dưỡng,,,,,,,,pending,
hf-lv005,en,junior,nutrition classification,,,,,,,,pending,
hf-lv005,vi,junior,phân loại dinh dưỡng,,,,,,,,pending,
hf-lv006,en,junior,nutrition classification,,,,,,,,pending,
hf-lv006,vi,junior,phân loại dinh dưỡng,,,,,,,,pending,
hf-lv007,en,junior,nutrition classification,,,,,,,,pending,
hf-lv007,vi,junior,phân loại dinh dưỡng,,,,,,,,pending,
hf-lv008,en,junior,nutrition classification,,,,,,,,pending,
hf-lv008,vi,junior,phân loại dinh dưỡng,,,,,,,,pending,
hf-lv009,en,junior,nutrition classification,,,,,,,,pending,
hf-lv009,vi,junior,phân loại dinh dưỡng,,,,,,,,pending,
hf-lv010,en,junior,nutrition classification,,,,,,,,pending,
hf-lv010,vi,junior,phân loại dinh dưỡng,,,,,,,,pending,
hf-lv011,en,junior,nutrition classification,,,,,,,,pending,
hf-lv011,vi,junior,phân loại dinh dưỡng,,,,,,,,pending,
hf-lv012,en,junior,nutrition classification,,,,,,,,pending,
hf-lv012,vi,junior,phân loại dinh dưỡng,,,,,,,,pending,
hf-lv013,en,junior,nutrition classification,,,,,,,,pending,
hf-lv013,vi,junior,phân loại dinh dưỡng,,,,,,,,pending,
hf-lv014,en,junior,nutrition classification,,,,,,,,pending,
hf-lv014,vi,junior,phân loại dinh dưỡng,,,,,,,,pending,
hf-lv015,en,junior,nutrition classification,,,,,,,,pending,
hf-lv015,vi,junior,phân loại dinh dưỡng,,,,,,,,pending,
hf-lv016,en,junior,nutrition classification,,,,,,,,pending,
hf-lv016,vi,junior,phân loại dinh dưỡng,,,,,,,,pending,
hf-lv017,en,junior,nutrition classification,,,,,,,,pending,
hf-lv017,vi,junior,phân loại dinh dưỡng,,,,,,,,pending,
hf-lv018,en,junior,nutrition classification,,,,,,,,pending,
hf-lv018,vi,junior,phân loại dinh dưỡng,,,,,,,,pending,
hf-lv019,en,junior,nutrition classification,,,,,,,,pending,
hf-lv019,vi,junior,phân loại dinh dưỡng,,,,,,,,pending,
hf-lv020,en,junior,nutrition classification,,,,,,,,pending,
hf-lv020,vi,junior,phân loại dinh dưỡng,,,,,,,,pending,
hf-lv021,en,explorer,nutrition classification,,,,,,,,pending,
hf-lv021,vi,explorer,phân loại dinh dưỡng,,,,,,,,pending,
hf-lv022,en,explorer,nutrition classification,,,,,,,,pending,
hf-lv022,vi,explorer,phân loại dinh dưỡng,,,,,,,,pending,
hf-lv023,en,explorer,nutrition classification,,,,,,,,pending,
hf-lv023,vi,explorer,phân loại dinh dưỡng,,,,,,,,pending,
hf-lv024,en,explorer,nutrition classification,,,,,,,,pending,
hf-lv024,vi,explorer,phân loại dinh dưỡng,,,,,,,,pending,
hf-lv025,en,explorer,nutrition classification,,,,,,,,pending,
hf-lv025,vi,explorer,phân loại dinh dưỡng,,,,,,,,pending,
hf-lv026,en,explorer,nutrition classification,,,,,,,,pending,
hf-lv026,vi,explorer,phân loại dinh dưỡng,,,,,,,,pending,
hf-lv027,en,explorer,nutrition classification,,,,,,,,pending,
hf-lv027,vi,explorer,phân loại dinh dưỡng,,,,,,,,pending,
hf-lv028,en,explorer,nutrition classification,,,,,,,,pending,
hf-lv028,vi,explorer,phân loại dinh dưỡng,,,,,,,,pending,
hf-lv029,en,explorer,nutrition classification,,,,,,,,pending,
hf-lv029,vi,explorer,phân loại dinh dưỡng,,,,,,,,pending,
hf-lv030,en,explorer,nutrition classification,,,,,,,,pending,
hf-lv030,vi,explorer,phân loại dinh dưỡng,,,,,,,,pending,
hf-lv031,en,explorer,nutrition classification,,,,,,,,pending,
hf-lv031,vi,explorer,phân loại dinh dưỡng,,,,,,,,pending,
hf-lv032,en,explorer,nutrition classification,,,,,,,,pending,
hf-lv032,vi,explorer,phân loại dinh dưỡng,,,,,,,,pending,
hf-lv033,en,explorer,nutrition classification,,,,,,,,pending,
hf-lv033,vi,explorer,phân loại dinh dưỡng,,,,,,,,pending,
hf-lv034,en,explorer,nutrition classification,,,,,,,,pending,
hf-lv034,vi,explorer,phân loại dinh dưỡng,,,,,,,,pending,
hf-lv035,en,explorer,nutrition classification,,,,,,,,pending,
hf-lv035,vi,explorer,phân loại dinh dưỡng,,,,,,,,pending,
hf-lv036,en,explorer,nutrition classification,,,,,,,,pending,
hf-lv036,vi,explorer,phân loại dinh dưỡng,,,,,,,,pending,
hf-lv037,en,explorer,nutrition classification,,,,,,,,pending,
hf-lv037,vi,explorer,phân loại dinh dưỡng,,,,,,,,pending,
hf-lv038,en,explorer,nutrition classification,,,,,,,,pending,
hf-lv038,vi,explorer,phân loại dinh dưỡng,,,,,,,,pending,
hf-lv039,en,explorer,nutrition classification,,,,,,,,pending,
hf-lv039,vi,explorer,phân loại dinh dưỡng,,,,,,,,pending,
hf-lv040,en,explorer,nutrition classification,,,,,,,,pending,
hf-lv040,vi,explorer,phân loại dinh dưỡng,,,,,,,,pending,
hf-lv041,en,master,nutrition classification,,,,,,,,pending,
hf-lv041,vi,master,phân loại dinh dưỡng,,,,,,,,pending,
hf-lv042,en,master,nutrition classification,,,,,,,,pending,
hf-lv042,vi,master,phân loại dinh dưỡng,,,,,,,,pending,
hf-lv043,en,master,nutrition classification,,,,,,,,pending,
hf-lv043,vi,master,phân loại dinh dưỡng,,,,,,,,pending,
hf-lv044,en,master,nutrition classification,,,,,,,,pending,
hf-lv044,vi,master,phân loại dinh dưỡng,,,,,,,,pending,
hf-lv045,en,master,nutrition classification,,,,,,,,pending,
hf-lv045,vi,master,phân loại dinh dưỡng,,,,,,,,pending,
hf-lv046,en,master,nutrition classification,,,,,,,,pending,
hf-lv046,vi,master,phân loại dinh dưỡng,,,,,,,,pending,
hf-lv047,en,master,nutrition classification,,,,,,,,pending,
hf-lv047,vi,master,phân loại dinh dưỡng,,,,,,,,pending,
hf-lv048,en,master,nutrition classification,,,,,,,,pending,
hf-lv048,vi,master,phân loại dinh dưỡng,,,,,,,,pending,
hf-lv049,en,master,nutrition classification,,,,,,,,pending,
hf-lv049,vi,master,phân loại dinh dưỡng,,,,,,,,pending,
hf-lv050,en,master,nutrition classification,,,,,,,,pending,
hf-lv050,vi,master,phân loại dinh dưỡng,,,,,,,,pending,
hf-lv051,en,master,nutrition classification,,,,,,,,pending,
hf-lv051,vi,master,phân loại dinh dưỡng,,,,,,,,pending,
hf-lv052,en,master,nutrition classification,,,,,,,,pending,
hf-lv052,vi,master,phân loại dinh dưỡng,,,,,,,,pending,
hf-lv053,en,master,nutrition classification,,,,,,,,pending,
hf-lv053,vi,master,phân loại dinh dưỡng,,,,,,,,pending,
hf-lv054,en,master,nutrition classification,,,,,,,,pending,
hf-lv054,vi,master,phân loại dinh dưỡng,,,,,,,,pending,
hf-lv055,en,master,nutrition classification,,,,,,,,pending,
hf-lv055,vi,master,phân loại dinh dưỡng,,,,,,,,pending,
hf-lv056,en,master,nutrition classification,,,,,,,,pending,
hf-lv056,vi,master,phân loại dinh dưỡng,,,,,,,,pending,
hf-lv057,en,master,nutrition classification,,,,,,,,pending,
hf-lv057,vi,master,phân loại dinh dưỡng,,,,,,,,pending,
hf-lv058,en,master,nutrition classification,,,,,,,,pending,
hf-lv058,vi,master,phân loại dinh dưỡng,,,,,,,,pending,
hf-lv059,en,master,nutrition classification,,,,,,,,pending,
hf-lv059,vi,master,phân loại dinh dưỡng,,,,,,,,pending,
hf-lv060,en,master,nutrition classification,,,,,,,,pending,
hf-lv060,vi,master,phân loại dinh dưỡng,,,,,,,,pending,
lh-lv001,en,junior,letter placement into words,,,,,,,,pending,
lh-lv001,vi,junior,đặt chữ cái vào từ,,,,,,,,pending,
lh-lv002,en,junior,letter placement into words,,,,,,,,pending,
lh-lv002,vi,junior,đặt chữ cái vào từ,,,,,,,,pending,
lh-lv003,en,junior,letter placement into words,,,,,,,,pending,
lh-lv003,vi,junior,đặt chữ cái vào từ,,,,,,,,pending,
lh-lv004,en,junior,letter placement into words,,,,,,,,pending,
lh-lv004,vi,junior,đặt chữ cái vào từ,,,,,,,,pending,
lh-lv005,en,junior,letter placement into words,,,,,,,,pending,
lh-lv005,vi,junior,đặt chữ cái vào từ,,,,,,,,pending,
lh-lv006,en,junior,letter placement into words,,,,,,,,pending,
lh-lv006,vi,junior,đặt chữ cái vào từ,,,,,,,,pending,
lh-lv007,en,junior,letter placement into words,,,,,,,,pending,
lh-lv007,vi,junior,đặt chữ cái vào từ,,,,,,,,pending,
lh-lv008,en,junior,letter placement into words,,,,,,,,pending,
lh-lv008,vi,junior,đặt chữ cái vào từ,,,,,,,,pending,
lh-lv009,en,junior,letter placement into words,,,,,,,,pending,
lh-lv009,vi,junior,đặt chữ cái vào từ,,,,,,,,pending,
lh-lv010,en,junior,letter placement into words,,,,,,,,pending,
lh-lv010,vi,junior,đặt chữ cái vào từ,,,,,,,,pending,
lh-lv011,en,junior,letter placement into words,,,,,,,,pending,
lh-lv011,vi,junior,đặt chữ cái vào từ,,,,,,,,pending,
lh-lv012,en,junior,letter placement into words,,,,,,,,pending,
lh-lv012,vi,junior,đặt chữ cái vào từ,,,,,,,,pending,
lh-lv013,en,junior,letter placement into words,,,,,,,,pending,
lh-lv013,vi,junior,đặt chữ cái vào từ,,,,,,,,pending,
lh-lv014,en,junior,letter placement into words,,,,,,,,pending,
lh-lv014,vi,junior,đặt chữ cái vào từ,,,,,,,,pending,
lh-lv015,en,junior,letter placement into words,,,,,,,,pending,
lh-lv015,vi,junior,đặt chữ cái vào từ,,,,,,,,pending,
lh-lv016,en,junior,letter placement into words,,,,,,,,pending,
lh-lv016,vi,junior,đặt chữ cái vào từ,,,,,,,,pending,
lh-lv017,en,junior,letter placement into words,,,,,,,,pending,
lh-lv017,vi,junior,đặt chữ cái vào từ,,,,,,,,pending,
lh-lv018,en,junior,letter placement into words,,,,,,,,pending,
lh-lv018,vi,junior,đặt chữ cái vào từ,,,,,,,,pending,
lh-lv019,en,junior,letter placement into words,,,,,,,,pending,
lh-lv019,vi,junior,đặt chữ cái vào từ,,,,,,,,pending,
lh-lv020,en,junior,letter placement into words,,,,,,,,pending,
lh-lv020,vi,junior,đặt chữ cái vào từ,,,,,,,,pending,
lh-lv021,en,junior,letter placement into words,,,,,,,,pending,
lh-lv021,vi,junior,đặt chữ cái vào từ,,,,,,,,pending,
lh-lv022,en,junior,letter placement into words,,,,,,,,pending,
lh-lv022,vi,junior,đặt chữ cái vào từ,,,,,,,,pending,
lh-lv023,en,junior,letter placement into words,,,,,,,,pending,
lh-lv023,vi,junior,đặt chữ cái vào từ,,,,,,,,pending,
lh-lv024,en,junior,letter placement into words,,,,,,,,pending,
lh-lv024,vi,junior,đặt chữ cái vào từ,,,,,,,,pending,
lh-lv025,en,junior,letter placement into words,,,,,,,,pending,
lh-lv025,vi,junior,đặt chữ cái vào từ,,,,,,,,pending,
lh-lv026,en,explorer,letter placement into words,,,,,,,,pending,
lh-lv026,vi,explorer,đặt chữ cái vào từ,,,,,,,,pending,
lh-lv027,en,explorer,letter placement into words,,,,,,,,pending,
lh-lv027,vi,explorer,đặt chữ cái vào từ,,,,,,,,pending,
lh-lv028,en,explorer,letter placement into words,,,,,,,,pending,
lh-lv028,vi,explorer,đặt chữ cái vào từ,,,,,,,,pending,
lh-lv029,en,explorer,letter placement into words,,,,,,,,pending,
lh-lv029,vi,explorer,đặt chữ cái vào từ,,,,,,,,pending,
lh-lv030,en,explorer,letter placement into words,,,,,,,,pending,
lh-lv030,vi,explorer,đặt chữ cái vào từ,,,,,,,,pending,
lh-lv031,en,explorer,letter placement into words,,,,,,,,pending,
lh-lv031,vi,explorer,đặt chữ cái vào từ,,,,,,,,pending,
lh-lv032,en,explorer,letter placement into words,,,,,,,,pending,
lh-lv032,vi,explorer,đặt chữ cái vào từ,,,,,,,,pending,
lh-lv033,en,explorer,letter placement into words,,,,,,,,pending,
lh-lv033,vi,explorer,đặt chữ cái vào từ,,,,,,,,pending,
lh-lv034,en,explorer,letter placement into words,,,,,,,,pending,
lh-lv034,vi,explorer,đặt chữ cái vào từ,,,,,,,,pending,
lh-lv035,en,explorer,letter placement into words,,,,,,,,pending,
lh-lv035,vi,explorer,đặt chữ cái vào từ,,,,,,,,pending,
lh-lv036,en,explorer,letter placement into words,,,,,,,,pending,
lh-lv036,vi,explorer,đặt chữ cái vào từ,,,,,,,,pending,
lh-lv037,en,explorer,letter placement into words,,,,,,,,pending,
lh-lv037,vi,explorer,đặt chữ cái vào từ,,,,,,,,pending,
lh-lv038,en,explorer,letter placement into words,,,,,,,,pending,
lh-lv038,vi,explorer,đặt chữ cái vào từ,,,,,,,,pending,
lh-lv039,en,explorer,letter placement into words,,,,,,,,pending,
lh-lv039,vi,explorer,đặt chữ cái vào từ,,,,,,,,pending,
lh-lv040,en,explorer,letter placement into words,,,,,,,,pending,
lh-lv040,vi,explorer,đặt chữ cái vào từ,,,,,,,,pending,
lh-lv041,en,explorer,letter placement into words,,,,,,,,pending,
lh-lv041,vi,explorer,đặt chữ cái vào từ,,,,,,,,pending,
lh-lv042,en,explorer,letter placement into words,,,,,,,,pending,
lh-lv042,vi,explorer,đặt chữ cái vào từ,,,,,,,,pending,
lh-lv043,en,explorer,letter placement into words,,,,,,,,pending,
lh-lv043,vi,explorer,đặt chữ cái vào từ,,,,,,,,pending,
lh-lv044,en,explorer,letter placement into words,,,,,,,,pending,
lh-lv044,vi,explorer,đặt chữ cái vào từ,,,,,,,,pending,
lh-lv045,en,explorer,letter placement into words,,,,,,,,pending,
lh-lv045,vi,explorer,đặt chữ cái vào từ,,,,,,,,pending,
lh-lv046,en,explorer,letter placement into words,,,,,,,,pending,
lh-lv046,vi,explorer,đặt chữ cái vào từ,,,,,,,,pending,
lh-lv047,en,explorer,letter placement into words,,,,,,,,pending,
lh-lv047,vi,explorer,đặt chữ cái vào từ,,,,,,,,pending,
lh-lv048,en,explorer,letter placement into words,,,,,,,,pending,
lh-lv048,vi,explorer,đặt chữ cái vào từ,,,,,,,,pending,
lh-lv049,en,explorer,letter placement into words,,,,,,,,pending,
lh-lv049,vi,explorer,đặt chữ cái vào từ,,,,,,,,pending,
lh-lv050,en,explorer,letter placement into words,,,,,,,,pending,
lh-lv050,vi,explorer,đặt chữ cái vào từ,,,,,,,,pending,
lh-lv051,en,master,letter placement into words,,,,,,,,pending,
lh-lv051,vi,master,đặt chữ cái vào từ,,,,,,,,pending,
lh-lv052,en,master,letter placement into words,,,,,,,,pending,
lh-lv052,vi,master,đặt chữ cái vào từ,,,,,,,,pending,
lh-lv053,en,master,letter placement into words,,,,,,,,pending,
lh-lv053,vi,master,đặt chữ cái vào từ,,,,,,,,pending,
lh-lv054,en,master,letter placement into words,,,,,,,,pending,
lh-lv054,vi,master,đặt chữ cái vào từ,,,,,,,,pending,
lh-lv055,en,master,letter placement into words,,,,,,,,pending,
lh-lv055,vi,master,đặt chữ cái vào từ,,,,,,,,pending,
lh-lv056,en,master,letter placement into words,,,,,,,,pending,
lh-lv056,vi,master,đặt chữ cái vào từ,,,,,,,,pending,
lh-lv057,en,master,letter placement into words,,,,,,,,pending,
lh-lv057,vi,master,đặt chữ cái vào từ,,,,,,,,pending,
lh-lv058,en,master,letter placement into words,,,,,,,,pending,
lh-lv058,vi,master,đặt chữ cái vào từ,,,,,,,,pending,
lh-lv059,en,master,letter placement into words,,,,,,,,pending,
lh-lv059,vi,master,đặt chữ cái vào từ,,,,,,,,pending,
lh-lv060,en,master,letter placement into words,,,,,,,,pending,
lh-lv060,vi,master,đặt chữ cái vào từ,,,,,,,,pending,
lh-lv061,en,master,letter placement into words,,,,,,,,pending,
lh-lv061,vi,master,đặt chữ cái vào từ,,,,,,,,pending,
lh-lv062,en,master,letter placement into words,,,,,,,,pending,
lh-lv062,vi,master,đặt chữ cái vào từ,,,,,,,,pending,
lh-lv063,en,master,letter placement into words,,,,,,,,pending,
lh-lv063,vi,master,đặt chữ cái vào từ,,,,,,,,pending,
lh-lv064,en,master,letter placement into words,,,,,,,,pending,
lh-lv064,vi,master,đặt chữ cái vào từ,,,,,,,,pending,
lh-lv065,en,master,letter placement into words,,,,,,,,pending,
lh-lv065,vi,master,đặt chữ cái vào từ,,,,,,,,pending,
lh-lv066,en,master,letter placement into words,,,,,,,,pending,
lh-lv066,vi,master,đặt chữ cái vào từ,,,,,,,,pending,
lh-lv067,en,master,letter placement into words,,,,,,,,pending,
lh-lv067,vi,master,đặt chữ cái vào từ,,,,,,,,pending,
lh-lv068,en,master,letter placement into words,,,,,,,,pending,
lh-lv068,vi,master,đặt chữ cái vào từ,,,,,,,,pending,
lh-lv069,en,master,letter placement into words,,,,,,,,pending,
lh-lv069,vi,master,đặt chữ cái vào từ,,,,,,,,pending,
lh-lv070,en,master,letter placement into words,,,,,,,,pending,
lh-lv070,vi,master,đặt chữ cái vào từ,,,,,,,,pending,
lh-lv071,en,master,letter placement into words,,,,,,,,pending,
lh-lv071,vi,master,đặt chữ cái vào từ,,,,,,,,pending,
lh-lv072,en,master,letter placement into words,,,,,,,,pending,
lh-lv072,vi,master,đặt chữ cái vào từ,,,,,,,,pending,
lh-lv073,en,master,letter placement into words,,,,,,,,pending,
lh-lv073,vi,master,đặt chữ cái vào từ,,,,,,,,pending,
lh-lv074,en,master,letter placement into words,,,,,,,,pending,
lh-lv074,vi,master,đặt chữ cái vào từ,,,,,,,,pending,
lh-lv075,en,master,letter placement into words,,,,,,,,pending,
lh-lv075,vi,master,đặt chữ cái vào từ,,,,,,,,pending,
nt-lv001,en,junior,number sequencing,,,,,,,,pending,
nt-lv001,vi,junior,sắp xếp trình tự số,,,,,,,,pending,
nt-lv002,en,junior,number sequencing,,,,,,,,pending,
nt-lv002,vi,junior,sắp xếp trình tự số,,,,,,,,pending,
nt-lv003,en,junior,number sequencing,,,,,,,,pending,
nt-lv003,vi,junior,sắp xếp trình tự số,,,,,,,,pending,
nt-lv004,en,junior,number sequencing,,,,,,,,pending,
nt-lv004,vi,junior,sắp xếp trình tự số,,,,,,,,pending,
nt-lv005,en,junior,number sequencing,,,,,,,,pending,
nt-lv005,vi,junior,sắp xếp trình tự số,,,,,,,,pending,
nt-lv006,en,junior,number sequencing,,,,,,,,pending,
nt-lv006,vi,junior,sắp xếp trình tự số,,,,,,,,pending,
nt-lv007,en,junior,number sequencing,,,,,,,,pending,
nt-lv007,vi,junior,sắp xếp trình tự số,,,,,,,,pending,
nt-lv008,en,junior,number sequencing,,,,,,,,pending,
nt-lv008,vi,junior,sắp xếp trình tự số,,,,,,,,pending,
nt-lv009,en,junior,number sequencing,,,,,,,,pending,
nt-lv009,vi,junior,sắp xếp trình tự số,,,,,,,,pending,
nt-lv010,en,junior,number sequencing,,,,,,,,pending,
nt-lv010,vi,junior,sắp xếp trình tự số,,,,,,,,pending,
nt-lv011,en,junior,number sequencing,,,,,,,,pending,
nt-lv011,vi,junior,sắp xếp trình tự số,,,,,,,,pending,
nt-lv012,en,junior,number sequencing,,,,,,,,pending,
nt-lv012,vi,junior,sắp xếp trình tự số,,,,,,,,pending,
nt-lv013,en,junior,number sequencing,,,,,,,,pending,
nt-lv013,vi,junior,sắp xếp trình tự số,,,,,,,,pending,
nt-lv014,en,junior,number sequencing,,,,,,,,pending,
nt-lv014,vi,junior,sắp xếp trình tự số,,,,,,,,pending,
nt-lv015,en,junior,number sequencing,,,,,,,,pending,
nt-lv015,vi,junior,sắp xếp trình tự số,,,,,,,,pending,
nt-lv016,en,junior,number sequencing,,,,,,,,pending,
nt-lv016,vi,junior,sắp xếp trình tự số,,,,,,,,pending,
nt-lv017,en,junior,number sequencing,,,,,,,,pending,
nt-lv017,vi,junior,sắp xếp trình tự số,,,,,,,,pending,
nt-lv018,en,junior,number sequencing,,,,,,,,pending,
nt-lv018,vi,junior,sắp xếp trình tự số,,,,,,,,pending,
nt-lv019,en,junior,number sequencing,,,,,,,,pending,
nt-lv019,vi,junior,sắp xếp trình tự số,,,,,,,,pending,
nt-lv020,en,junior,number sequencing,,,,,,,,pending,
nt-lv020,vi,junior,sắp xếp trình tự số,,,,,,,,pending,
nt-lv021,en,junior,number sequencing,,,,,,,,pending,
nt-lv021,vi,junior,sắp xếp trình tự số,,,,,,,,pending,
nt-lv022,en,junior,number sequencing,,,,,,,,pending,
nt-lv022,vi,junior,sắp xếp trình tự số,,,,,,,,pending,
nt-lv023,en,junior,number sequencing,,,,,,,,pending,
nt-lv023,vi,junior,sắp xếp trình tự số,,,,,,,,pending,
nt-lv024,en,junior,number sequencing,,,,,,,,pending,
nt-lv024,vi,junior,sắp xếp trình tự số,,,,,,,,pending,
nt-lv025,en,junior,number sequencing,,,,,,,,pending,
nt-lv025,vi,junior,sắp xếp trình tự số,,,,,,,,pending,
nt-lv026,en,explorer,number sequencing,,,,,,,,pending,
nt-lv026,vi,explorer,sắp xếp trình tự số,,,,,,,,pending,
nt-lv027,en,explorer,number sequencing,,,,,,,,pending,
nt-lv027,vi,explorer,sắp xếp trình tự số,,,,,,,,pending,
nt-lv028,en,explorer,number sequencing,,,,,,,,pending,
nt-lv028,vi,explorer,sắp xếp trình tự số,,,,,,,,pending,
nt-lv029,en,explorer,number sequencing,,,,,,,,pending,
nt-lv029,vi,explorer,sắp xếp trình tự số,,,,,,,,pending,
nt-lv030,en,explorer,number sequencing,,,,,,,,pending,
nt-lv030,vi,explorer,sắp xếp trình tự số,,,,,,,,pending,
nt-lv031,en,explorer,number sequencing,,,,,,,,pending,
nt-lv031,vi,explorer,sắp xếp trình tự số,,,,,,,,pending,
nt-lv032,en,explorer,number sequencing,,,,,,,,pending,
nt-lv032,vi,explorer,sắp xếp trình tự số,,,,,,,,pending,
nt-lv033,en,explorer,number sequencing,,,,,,,,pending,
nt-lv033,vi,explorer,sắp xếp trình tự số,,,,,,,,pending,
nt-lv034,en,explorer,number sequencing,,,,,,,,pending,
nt-lv034,vi,explorer,sắp xếp trình tự số,,,,,,,,pending,
nt-lv035,en,explorer,number sequencing,,,,,,,,pending,
nt-lv035,vi,explorer,sắp xếp trình tự số,,,,,,,,pending,
nt-lv036,en,explorer,number sequencing,,,,,,,,pending,
nt-lv036,vi,explorer,sắp xếp trình tự số,,,,,,,,pending,
nt-lv037,en,explorer,number sequencing,,,,,,,,pending,
nt-lv037,vi,explorer,sắp xếp trình tự số,,,,,,,,pending,
nt-lv038,en,explorer,number sequencing,,,,,,,,pending,
nt-lv038,vi,explorer,sắp xếp trình tự số,,,,,,,,pending,
nt-lv039,en,explorer,number sequencing,,,,,,,,pending,
nt-lv039,vi,explorer,sắp xếp trình tự số,,,,,,,,pending,
nt-lv040,en,explorer,number sequencing,,,,,,,,pending,
nt-lv040,vi,explorer,sắp xếp trình tự số,,,,,,,,pending,
nt-lv041,en,explorer,number sequencing,,,,,,,,pending,
nt-lv041,vi,explorer,sắp xếp trình tự số,,,,,,,,pending,
nt-lv042,en,explorer,number sequencing,,,,,,,,pending,
nt-lv042,vi,explorer,sắp xếp trình tự số,,,,,,,,pending,
nt-lv043,en,explorer,number sequencing,,,,,,,,pending,
nt-lv043,vi,explorer,sắp xếp trình tự số,,,,,,,,pending,
nt-lv044,en,explorer,number sequencing,,,,,,,,pending,
nt-lv044,vi,explorer,sắp xếp trình tự số,,,,,,,,pending,
nt-lv045,en,explorer,number sequencing,,,,,,,,pending,
nt-lv045,vi,explorer,sắp xếp trình tự số,,,,,,,,pending,
nt-lv046,en,explorer,number sequencing,,,,,,,,pending,
nt-lv046,vi,explorer,sắp xếp trình tự số,,,,,,,,pending,
nt-lv047,en,explorer,number sequencing,,,,,,,,pending,
nt-lv047,vi,explorer,sắp xếp trình tự số,,,,,,,,pending,
nt-lv048,en,explorer,number sequencing,,,,,,,,pending,
nt-lv048,vi,explorer,sắp xếp trình tự số,,,,,,,,pending,
nt-lv049,en,explorer,number sequencing,,,,,,,,pending,
nt-lv049,vi,explorer,sắp xếp trình tự số,,,,,,,,pending,
nt-lv050,en,explorer,number sequencing,,,,,,,,pending,
nt-lv050,vi,explorer,sắp xếp trình tự số,,,,,,,,pending,
nt-lv051,en,master,number sequencing,,,,,,,,pending,
nt-lv051,vi,master,sắp xếp trình tự số,,,,,,,,pending,
nt-lv052,en,master,number sequencing,,,,,,,,pending,
nt-lv052,vi,master,sắp xếp trình tự số,,,,,,,,pending,
nt-lv053,en,master,number sequencing,,,,,,,,pending,
nt-lv053,vi,master,sắp xếp trình tự số,,,,,,,,pending,
nt-lv054,en,master,number sequencing,,,,,,,,pending,
nt-lv054,vi,master,sắp xếp trình tự số,,,,,,,,pending,
nt-lv055,en,master,number sequencing,,,,,,,,pending,
nt-lv055,vi,master,sắp xếp trình tự số,,,,,,,,pending,
nt-lv056,en,master,number sequencing,,,,,,,,pending,
nt-lv056,vi,master,sắp xếp trình tự số,,,,,,,,pending,
nt-lv057,en,master,number sequencing,,,,,,,,pending,
nt-lv057,vi,master,sắp xếp trình tự số,,,,,,,,pending,
nt-lv058,en,master,number sequencing,,,,,,,,pending,
nt-lv058,vi,master,sắp xếp trình tự số,,,,,,,,pending,
nt-lv059,en,master,number sequencing,,,,,,,,pending,
nt-lv059,vi,master,sắp xếp trình tự số,,,,,,,,pending,
nt-lv060,en,master,number sequencing,,,,,,,,pending,
nt-lv060,vi,master,sắp xếp trình tự số,,,,,,,,pending,
nt-lv061,en,master,number sequencing,,,,,,,,pending,
nt-lv061,vi,master,sắp xếp trình tự số,,,,,,,,pending,
nt-lv062,en,master,number sequencing,,,,,,,,pending,
nt-lv062,vi,master,sắp xếp trình tự số,,,,,,,,pending,
nt-lv063,en,master,number sequencing,,,,,,,,pending,
nt-lv063,vi,master,sắp xếp trình tự số,,,,,,,,pending,
nt-lv064,en,master,number sequencing,,,,,,,,pending,
nt-lv064,vi,master,sắp xếp trình tự số,,,,,,,,pending,
nt-lv065,en,master,number sequencing,,,,,,,,pending,
nt-lv065,vi,master,sắp xếp trình tự số,,,,,,,,pending,
nt-lv066,en,master,number sequencing,,,,,,,,pending,
nt-lv066,vi,master,sắp xếp trình tự số,,,,,,,,pending,
nt-lv067,en,master,number sequencing,,,,,,,,pending,
nt-lv067,vi,master,sắp xếp trình tự số,,,,,,,,pending,
nt-lv068,en,master,number sequencing,,,,,,,,pending,
nt-lv068,vi,master,sắp xếp trình tự số,,,,,,,,pending,
nt-lv069,en,master,number sequencing,,,,,,,,pending,
nt-lv069,vi,master,sắp xếp trình tự số,,,,,,,,pending,
nt-lv070,en,master,number sequencing,,,,,,,,pending,
nt-lv070,vi,master,sắp xếp trình tự số,,,,,,,,pending,
nt-lv071,en,master,number sequencing,,,,,,,,pending,
nt-lv071,vi,master,sắp xếp trình tự số,,,,,,,,pending,
nt-lv072,en,master,number sequencing,,,,,,,,pending,
nt-lv072,vi,master,sắp xếp trình tự số,,,,,,,,pending,
nt-lv073,en,master,number sequencing,,,,,,,,pending,
nt-lv073,vi,master,sắp xếp trình tự số,,,,,,,,pending,
nt-lv074,en,master,number sequencing,,,,,,,,pending,
nt-lv074,vi,master,sắp xếp trình tự số,,,,,,,,pending,
nt-lv075,en,master,number sequencing,,,,,,,,pending,
nt-lv075,vi,master,sắp xếp trình tự số,,,,,,,,pending,
em-lv001,en,junior,emotion recognition,,,,,,,,pending,
em-lv001,vi,junior,nhận biết cảm xúc,,,,,,,,pending,
em-lv002,en,junior,emotion recognition,,,,,,,,pending,
em-lv002,vi,junior,nhận biết cảm xúc,,,,,,,,pending,
em-lv003,en,junior,emotion recognition,,,,,,,,pending,
em-lv003,vi,junior,nhận biết cảm xúc,,,,,,,,pending,
em-lv004,en,junior,emotion recognition,,,,,,,,pending,
em-lv004,vi,junior,nhận biết cảm xúc,,,,,,,,pending,
em-lv005,en,junior,emotion recognition,,,,,,,,pending,
em-lv005,vi,junior,nhận biết cảm xúc,,,,,,,,pending,
em-lv006,en,junior,emotion recognition,,,,,,,,pending,
em-lv006,vi,junior,nhận biết cảm xúc,,,,,,,,pending,
em-lv007,en,junior,emotion recognition,,,,,,,,pending,
em-lv007,vi,junior,nhận biết cảm xúc,,,,,,,,pending,
em-lv008,en,junior,emotion recognition,,,,,,,,pending,
em-lv008,vi,junior,nhận biết cảm xúc,,,,,,,,pending,
em-lv009,en,junior,emotion recognition,,,,,,,,pending,
em-lv009,vi,junior,nhận biết cảm xúc,,,,,,,,pending,
em-lv010,en,junior,emotion recognition,,,,,,,,pending,
em-lv010,vi,junior,nhận biết cảm xúc,,,,,,,,pending,
em-lv011,en,junior,emotion recognition,,,,,,,,pending,
em-lv011,vi,junior,nhận biết cảm xúc,,,,,,,,pending,
em-lv012,en,junior,emotion recognition,,,,,,,,pending,
em-lv012,vi,junior,nhận biết cảm xúc,,,,,,,,pending,
em-lv013,en,junior,emotion recognition,,,,,,,,pending,
em-lv013,vi,junior,nhận biết cảm xúc,,,,,,,,pending,
em-lv014,en,junior,emotion recognition,,,,,,,,pending,
em-lv014,vi,junior,nhận biết cảm xúc,,,,,,,,pending,
em-lv015,en,junior,emotion recognition,,,,,,,,pending,
em-lv015,vi,junior,nhận biết cảm xúc,,,,,,,,pending,
em-lv016,en,junior,emotion recognition,,,,,,,,pending,
em-lv016,vi,junior,nhận biết cảm xúc,,,,,,,,pending,
em-lv017,en,junior,emotion recognition,,,,,,,,pending,
em-lv017,vi,junior,nhận biết cảm xúc,,,,,,,,pending,
em-lv018,en,junior,emotion recognition,,,,,,,,pending,
em-lv018,vi,junior,nhận biết cảm xúc,,,,,,,,pending,
em-lv019,en,junior,emotion recognition,,,,,,,,pending,
em-lv019,vi,junior,nhận biết cảm xúc,,,,,,,,pending,
em-lv020,en,junior,emotion recognition,,,,,,,,pending,
em-lv020,vi,junior,nhận biết cảm xúc,,,,,,,,pending,
em-lv021,en,explorer,emotion recognition,,,,,,,,pending,
em-lv021,vi,explorer,nhận biết cảm xúc,,,,,,,,pending,
em-lv022,en,explorer,emotion recognition,,,,,,,,pending,
em-lv022,vi,explorer,nhận biết cảm xúc,,,,,,,,pending,
em-lv023,en,explorer,emotion recognition,,,,,,,,pending,
em-lv023,vi,explorer,nhận biết cảm xúc,,,,,,,,pending,
em-lv024,en,explorer,emotion recognition,,,,,,,,pending,
em-lv024,vi,explorer,nhận biết cảm xúc,,,,,,,,pending,
em-lv025,en,explorer,emotion recognition,,,,,,,,pending,
em-lv025,vi,explorer,nhận biết cảm xúc,,,,,,,,pending,
em-lv026,en,explorer,emotion recognition,,,,,,,,pending,
em-lv026,vi,explorer,nhận biết cảm xúc,,,,,,,,pending,
em-lv027,en,explorer,emotion recognition,,,,,,,,pending,
em-lv027,vi,explorer,nhận biết cảm xúc,,,,,,,,pending,
em-lv028,en,explorer,emotion recognition,,,,,,,,pending,
em-lv028,vi,explorer,nhận biết cảm xúc,,,,,,,,pending,
em-lv029,en,explorer,emotion recognition,,,,,,,,pending,
em-lv029,vi,explorer,nhận biết cảm xúc,,,,,,,,pending,
em-lv030,en,explorer,emotion recognition,,,,,,,,pending,
em-lv030,vi,explorer,nhận biết cảm xúc,,,,,,,,pending,
em-lv031,en,explorer,emotion recognition,,,,,,,,pending,
em-lv031,vi,explorer,nhận biết cảm xúc,,,,,,,,pending,
em-lv032,en,explorer,emotion recognition,,,,,,,,pending,
em-lv032,vi,explorer,nhận biết cảm xúc,,,,,,,,pending,
em-lv033,en,explorer,emotion recognition,,,,,,,,pending,
em-lv033,vi,explorer,nhận biết cảm xúc,,,,,,,,pending,
em-lv034,en,explorer,emotion recognition,,,,,,,,pending,
em-lv034,vi,explorer,nhận biết cảm xúc,,,,,,,,pending,
em-lv035,en,explorer,emotion recognition,,,,,,,,pending,
em-lv035,vi,explorer,nhận biết cảm xúc,,,,,,,,pending,
em-lv036,en,explorer,emotion recognition,,,,,,,,pending,
em-lv036,vi,explorer,nhận biết cảm xúc,,,,,,,,pending,
em-lv037,en,explorer,emotion recognition,,,,,,,,pending,
em-lv037,vi,explorer,nhận biết cảm xúc,,,,,,,,pending,
em-lv038,en,explorer,emotion recognition,,,,,,,,pending,
em-lv038,vi,explorer,nhận biết cảm xúc,,,,,,,,pending,
em-lv039,en,explorer,emotion recognition,,,,,,,,pending,
em-lv039,vi,explorer,nhận biết cảm xúc,,,,,,,,pending,
em-lv040,en,explorer,emotion recognition,,,,,,,,pending,
em-lv040,vi,explorer,nhận biết cảm xúc,,,,,,,,pending,
em-lv041,en,master,emotion recognition,,,,,,,,pending,
em-lv041,vi,master,nhận biết cảm xúc,,,,,,,,pending,
em-lv042,en,master,emotion recognition,,,,,,,,pending,
em-lv042,vi,master,nhận biết cảm xúc,,,,,,,,pending,
em-lv043,en,master,emotion recognition,,,,,,,,pending,
em-lv043,vi,master,nhận biết cảm xúc,,,,,,,,pending,
em-lv044,en,master,emotion recognition,,,,,,,,pending,
em-lv044,vi,master,nhận biết cảm xúc,,,,,,,,pending,
em-lv045,en,master,emotion recognition,,,,,,,,pending,
em-lv045,vi,master,nhận biết cảm xúc,,,,,,,,pending,
em-lv046,en,master,emotion recognition,,,,,,,,pending,
em-lv046,vi,master,nhận biết cảm xúc,,,,,,,,pending,
em-lv047,en,master,emotion recognition,,,,,,,,pending,
em-lv047,vi,master,nhận biết cảm xúc,,,,,,,,pending,
em-lv048,en,master,emotion recognition,,,,,,,,pending,
em-lv048,vi,master,nhận biết cảm xúc,,,,,,,,pending,
em-lv049,en,master,emotion recognition,,,,,,,,pending,
em-lv049,vi,master,nhận biết cảm xúc,,,,,,,,pending,
em-lv050,en,master,emotion recognition,,,,,,,,pending,
em-lv050,vi,master,nhận biết cảm xúc,,,,,,,,pending,
em-lv051,en,master,emotion recognition,,,,,,,,pending,
em-lv051,vi,master,nhận biết cảm xúc,,,,,,,,pending,
em-lv052,en,master,emotion recognition,,,,,,,,pending,
em-lv052,vi,master,nhận biết cảm xúc,,,,,,,,pending,
em-lv053,en,master,emotion recognition,,,,,,,,pending,
em-lv053,vi,master,nhận biết cảm xúc,,,,,,,,pending,
em-lv054,en,master,emotion recognition,,,,,,,,pending,
em-lv054,vi,master,nhận biết cảm xúc,,,,,,,,pending,
em-lv055,en,master,emotion recognition,,,,,,,,pending,
em-lv055,vi,master,nhận biết cảm xúc,,,,,,,,pending,
em-lv056,en,master,emotion recognition,,,,,,,,pending,
em-lv056,vi,master,nhận biết cảm xúc,,,,,,,,pending,
em-lv057,en,master,emotion recognition,,,,,,,,pending,
em-lv057,vi,master,nhận biết cảm xúc,,,,,,,,pending,
em-lv058,en,master,emotion recognition,,,,,,,,pending,
em-lv058,vi,master,nhận biết cảm xúc,,,,,,,,pending,
em-lv059,en,master,emotion recognition,,,,,,,,pending,
em-lv059,vi,master,nhận biết cảm xúc,,,,,,,,pending,
em-lv060,en,master,emotion recognition,,,,,,,,pending,
em-lv060,vi,master,nhận biết cảm xúc,,,,,,,,pending,
pp2-lv001,en,junior,part-whole reasoning,,,,,,,,pending,
pp2-lv001,vi,junior,suy luận bộ phận và toàn thể,,,,,,,,pending,
pp2-lv002,en,junior,part-whole reasoning,,,,,,,,pending,
pp2-lv002,vi,junior,suy luận bộ phận và toàn thể,,,,,,,,pending,
pp2-lv003,en,junior,part-whole reasoning,,,,,,,,pending,
pp2-lv003,vi,junior,suy luận bộ phận và toàn thể,,,,,,,,pending,
pp2-lv004,en,junior,part-whole reasoning,,,,,,,,pending,
pp2-lv004,vi,junior,suy luận bộ phận và toàn thể,,,,,,,,pending,
pp2-lv005,en,junior,part-whole reasoning,,,,,,,,pending,
pp2-lv005,vi,junior,suy luận bộ phận và toàn thể,,,,,,,,pending,
pp2-lv006,en,junior,part-whole reasoning,,,,,,,,pending,
pp2-lv006,vi,junior,suy luận bộ phận và toàn thể,,,,,,,,pending,
pp2-lv007,en,junior,part-whole reasoning,,,,,,,,pending,
pp2-lv007,vi,junior,suy luận bộ phận và toàn thể,,,,,,,,pending,
pp2-lv008,en,junior,part-whole reasoning,,,,,,,,pending,
pp2-lv008,vi,junior,suy luận bộ phận và toàn thể,,,,,,,,pending,
pp2-lv009,en,junior,part-whole reasoning,,,,,,,,pending,
pp2-lv009,vi,junior,suy luận bộ phận và toàn thể,,,,,,,,pending,
pp2-lv010,en,junior,part-whole reasoning,,,,,,,,pending,
pp2-lv010,vi,junior,suy luận bộ phận và toàn thể,,,,,,,,pending,
pp2-lv011,en,junior,part-whole reasoning,,,,,,,,pending,
pp2-lv011,vi,junior,suy luận bộ phận và toàn thể,,,,,,,,pending,
pp2-lv012,en,junior,part-whole reasoning,,,,,,,,pending,
pp2-lv012,vi,junior,suy luận bộ phận và toàn thể,,,,,,,,pending,
pp2-lv013,en,junior,part-whole reasoning,,,,,,,,pending,
pp2-lv013,vi,junior,suy luận bộ phận và toàn thể,,,,,,,,pending,
pp2-lv014,en,junior,part-whole reasoning,,,,,,,,pending,
pp2-lv014,vi,junior,suy luận bộ phận và toàn thể,,,,,,,,pending,
pp2-lv015,en,junior,part-whole reasoning,,,,,,,,pending,
pp2-lv015,vi,junior,suy luận bộ phận và toàn thể,,,,,,,,pending,
pp2-lv016,en,junior,part-whole reasoning,,,,,,,,pending,
pp2-lv016,vi,junior,suy luận bộ phận và toàn thể,,,,,,,,pending,
pp2-lv017,en,junior,part-whole reasoning,,,,,,,,pending,
pp2-lv017,vi,junior,suy luận bộ phận và toàn thể,,,,,,,,pending,
pp2-lv018,en,junior,part-whole reasoning,,,,,,,,pending,
pp2-lv018,vi,junior,suy luận bộ phận và toàn thể,,,,,,,,pending,
pp2-lv019,en,junior,part-whole reasoning,,,,,,,,pending,
pp2-lv019,vi,junior,suy luận bộ phận và toàn thể,,,,,,,,pending,
pp2-lv020,en,junior,part-whole reasoning,,,,,,,,pending,
pp2-lv020,vi,junior,suy luận bộ phận và toàn thể,,,,,,,,pending,
pp2-lv021,en,explorer,part-whole reasoning,,,,,,,,pending,
pp2-lv021,vi,explorer,suy luận bộ phận và toàn thể,,,,,,,,pending,
pp2-lv022,en,explorer,part-whole reasoning,,,,,,,,pending,
pp2-lv022,vi,explorer,suy luận bộ phận và toàn thể,,,,,,,,pending,
pp2-lv023,en,explorer,part-whole reasoning,,,,,,,,pending,
pp2-lv023,vi,explorer,suy luận bộ phận và toàn thể,,,,,,,,pending,
pp2-lv024,en,explorer,part-whole reasoning,,,,,,,,pending,
pp2-lv024,vi,explorer,suy luận bộ phận và toàn thể,,,,,,,,pending,
pp2-lv025,en,explorer,part-whole reasoning,,,,,,,,pending,
pp2-lv025,vi,explorer,suy luận bộ phận và toàn thể,,,,,,,,pending,
pp2-lv026,en,explorer,part-whole reasoning,,,,,,,,pending,
pp2-lv026,vi,explorer,suy luận bộ phận và toàn thể,,,,,,,,pending,
pp2-lv027,en,explorer,part-whole reasoning,,,,,,,,pending,
pp2-lv027,vi,explorer,suy luận bộ phận và toàn thể,,,,,,,,pending,
pp2-lv028,en,explorer,part-whole reasoning,,,,,,,,pending,
pp2-lv028,vi,explorer,suy luận bộ phận và toàn thể,,,,,,,,pending,
pp2-lv029,en,explorer,part-whole reasoning,,,,,,,,pending,
pp2-lv029,vi,explorer,suy luận bộ phận và toàn thể,,,,,,,,pending,
pp2-lv030,en,explorer,part-whole reasoning,,,,,,,,pending,
pp2-lv030,vi,explorer,suy luận bộ phận và toàn thể,,,,,,,,pending,
pp2-lv031,en,explorer,part-whole reasoning,,,,,,,,pending,
pp2-lv031,vi,explorer,suy luận bộ phận và toàn thể,,,,,,,,pending,
pp2-lv032,en,explorer,part-whole reasoning,,,,,,,,pending,
pp2-lv032,vi,explorer,suy luận bộ phận và toàn thể,,,,,,,,pending,
pp2-lv033,en,explorer,part-whole reasoning,,,,,,,,pending,
pp2-lv033,vi,explorer,suy luận bộ phận và toàn thể,,,,,,,,pending,
pp2-lv034,en,explorer,part-whole reasoning,,,,,,,,pending,
pp2-lv034,vi,explorer,suy luận bộ phận và toàn thể,,,,,,,,pending,
pp2-lv035,en,explorer,part-whole reasoning,,,,,,,,pending,
pp2-lv035,vi,explorer,suy luận bộ phận và toàn thể,,,,,,,,pending,
pp2-lv036,en,explorer,part-whole reasoning,,,,,,,,pending,
pp2-lv036,vi,explorer,suy luận bộ phận và toàn thể,,,,,,,,pending,
pp2-lv037,en,explorer,part-whole reasoning,,,,,,,,pending,
pp2-lv037,vi,explorer,suy luận bộ phận và toàn thể,,,,,,,,pending,
pp2-lv038,en,explorer,part-whole reasoning,,,,,,,,pending,
pp2-lv038,vi,explorer,suy luận bộ phận và toàn thể,,,,,,,,pending,
pp2-lv039,en,explorer,part-whole reasoning,,,,,,,,pending,
pp2-lv039,vi,explorer,suy luận bộ phận và toàn thể,,,,,,,,pending,
pp2-lv040,en,explorer,part-whole reasoning,,,,,,,,pending,
pp2-lv040,vi,explorer,suy luận bộ phận và toàn thể,,,,,,,,pending,
pp2-lv041,en,master,part-whole reasoning,,,,,,,,pending,
pp2-lv041,vi,master,suy luận bộ phận và toàn thể,,,,,,,,pending,
pp2-lv042,en,master,part-whole reasoning,,,,,,,,pending,
pp2-lv042,vi,master,suy luận bộ phận và toàn thể,,,,,,,,pending,
pp2-lv043,en,master,part-whole reasoning,,,,,,,,pending,
pp2-lv043,vi,master,suy luận bộ phận và toàn thể,,,,,,,,pending,
pp2-lv044,en,master,part-whole reasoning,,,,,,,,pending,
pp2-lv044,vi,master,suy luận bộ phận và toàn thể,,,,,,,,pending,
pp2-lv045,en,master,part-whole reasoning,,,,,,,,pending,
pp2-lv045,vi,master,suy luận bộ phận và toàn thể,,,,,,,,pending,
pp2-lv046,en,master,part-whole reasoning,,,,,,,,pending,
pp2-lv046,vi,master,suy luận bộ phận và toàn thể,,,,,,,,pending,
pp2-lv047,en,master,part-whole reasoning,,,,,,,,pending,
pp2-lv047,vi,master,suy luận bộ phận và toàn thể,,,,,,,,pending,
pp2-lv048,en,master,part-whole reasoning,,,,,,,,pending,
pp2-lv048,vi,master,suy luận bộ phận và toàn thể,,,,,,,,pending,
pp2-lv049,en,master,part-whole reasoning,,,,,,,,pending,
pp2-lv049,vi,master,suy luận bộ phận và toàn thể,,,,,,,,pending,
pp2-lv050,en,master,part-whole reasoning,,,,,,,,pending,
pp2-lv050,vi,master,suy luận bộ phận và toàn thể,,,,,,,,pending,
pp2-lv051,en,master,part-whole reasoning,,,,,,,,pending,
pp2-lv051,vi,master,suy luận bộ phận và toàn thể,,,,,,,,pending,
pp2-lv052,en,master,part-whole reasoning,,,,,,,,pending,
pp2-lv052,vi,master,suy luận bộ phận và toàn thể,,,,,,,,pending,
pp2-lv053,en,master,part-whole reasoning,,,,,,,,pending,
pp2-lv053,vi,master,suy luận bộ phận và toàn thể,,,,,,,,pending,
pp2-lv054,en,master,part-whole reasoning,,,,,,,,pending,
pp2-lv054,vi,master,suy luận bộ phận và toàn thể,,,,,,,,pending,
pp2-lv055,en,master,part-whole reasoning,,,,,,,,pending,
pp2-lv055,vi,master,suy luận bộ phận và toàn thể,,,,,,,,pending,
pp2-lv056,en,master,part-whole reasoning,,,,,,,,pending,
pp2-lv056,vi,master,suy luận bộ phận và toàn thể,,,,,,,,pending,
pp2-lv057,en,master,part-whole reasoning,,,,,,,,pending,
pp2-lv057,vi,master,suy luận bộ phận và toàn thể,,,,,,,,pending,
pp2-lv058,en,master,part-whole reasoning,,,,,,,,pending,
pp2-lv058,vi,master,suy luận bộ phận và toàn thể,,,,,,,,pending,
pp2-lv059,en,master,part-whole reasoning,,,,,,,,pending,
pp2-lv059,vi,master,suy luận bộ phận và toàn thể,,,,,,,,pending,
pp2-lv060,en,master,part-whole reasoning,,,,,,,,pending,
pp2-lv060,vi,master,suy luận bộ phận và toàn thể,,,,,,,,pending,
ooo-lv001,en,junior,odd-one-out reasoning,,,,,,,,pending,
ooo-lv001,vi,junior,suy luận vật khác nhóm,,,,,,,,pending,
ooo-lv002,en,junior,odd-one-out reasoning,,,,,,,,pending,
ooo-lv002,vi,junior,suy luận vật khác nhóm,,,,,,,,pending,
ooo-lv003,en,junior,odd-one-out reasoning,,,,,,,,pending,
ooo-lv003,vi,junior,suy luận vật khác nhóm,,,,,,,,pending,
ooo-lv004,en,junior,odd-one-out reasoning,,,,,,,,pending,
ooo-lv004,vi,junior,suy luận vật khác nhóm,,,,,,,,pending,
ooo-lv005,en,junior,odd-one-out reasoning,,,,,,,,pending,
ooo-lv005,vi,junior,suy luận vật khác nhóm,,,,,,,,pending,
ooo-lv006,en,junior,odd-one-out reasoning,,,,,,,,pending,
ooo-lv006,vi,junior,suy luận vật khác nhóm,,,,,,,,pending,
ooo-lv007,en,junior,odd-one-out reasoning,,,,,,,,pending,
ooo-lv007,vi,junior,suy luận vật khác nhóm,,,,,,,,pending,
ooo-lv008,en,junior,odd-one-out reasoning,,,,,,,,pending,
ooo-lv008,vi,junior,suy luận vật khác nhóm,,,,,,,,pending,
ooo-lv009,en,junior,odd-one-out reasoning,,,,,,,,pending,
ooo-lv009,vi,junior,suy luận vật khác nhóm,,,,,,,,pending,
ooo-lv010,en,junior,odd-one-out reasoning,,,,,,,,pending,
ooo-lv010,vi,junior,suy luận vật khác nhóm,,,,,,,,pending,
ooo-lv011,en,junior,odd-one-out reasoning,,,,,,,,pending,
ooo-lv011,vi,junior,suy luận vật khác nhóm,,,,,,,,pending,
ooo-lv012,en,junior,odd-one-out reasoning,,,,,,,,pending,
ooo-lv012,vi,junior,suy luận vật khác nhóm,,,,,,,,pending,
ooo-lv013,en,junior,odd-one-out reasoning,,,,,,,,pending,
ooo-lv013,vi,junior,suy luận vật khác nhóm,,,,,,,,pending,
ooo-lv014,en,junior,odd-one-out reasoning,,,,,,,,pending,
ooo-lv014,vi,junior,suy luận vật khác nhóm,,,,,,,,pending,
ooo-lv015,en,junior,odd-one-out reasoning,,,,,,,,pending,
ooo-lv015,vi,junior,suy luận vật khác nhóm,,,,,,,,pending,
ooo-lv016,en,junior,odd-one-out reasoning,,,,,,,,pending,
ooo-lv016,vi,junior,suy luận vật khác nhóm,,,,,,,,pending,
ooo-lv017,en,junior,odd-one-out reasoning,,,,,,,,pending,
ooo-lv017,vi,junior,suy luận vật khác nhóm,,,,,,,,pending,
ooo-lv018,en,junior,odd-one-out reasoning,,,,,,,,pending,
ooo-lv018,vi,junior,suy luận vật khác nhóm,,,,,,,,pending,
ooo-lv019,en,junior,odd-one-out reasoning,,,,,,,,pending,
ooo-lv019,vi,junior,suy luận vật khác nhóm,,,,,,,,pending,
ooo-lv020,en,junior,odd-one-out reasoning,,,,,,,,pending,
ooo-lv020,vi,junior,suy luận vật khác nhóm,,,,,,,,pending,
ooo-lv021,en,junior,odd-one-out reasoning,,,,,,,,pending,
ooo-lv021,vi,junior,suy luận vật khác nhóm,,,,,,,,pending,
ooo-lv022,en,junior,odd-one-out reasoning,,,,,,,,pending,
ooo-lv022,vi,junior,suy luận vật khác nhóm,,,,,,,,pending,
ooo-lv023,en,junior,odd-one-out reasoning,,,,,,,,pending,
ooo-lv023,vi,junior,suy luận vật khác nhóm,,,,,,,,pending,
ooo-lv024,en,junior,odd-one-out reasoning,,,,,,,,pending,
ooo-lv024,vi,junior,suy luận vật khác nhóm,,,,,,,,pending,
ooo-lv025,en,junior,odd-one-out reasoning,,,,,,,,pending,
ooo-lv025,vi,junior,suy luận vật khác nhóm,,,,,,,,pending,
ooo-lv026,en,explorer,odd-one-out reasoning,,,,,,,,pending,
ooo-lv026,vi,explorer,suy luận vật khác nhóm,,,,,,,,pending,
ooo-lv027,en,explorer,odd-one-out reasoning,,,,,,,,pending,
ooo-lv027,vi,explorer,suy luận vật khác nhóm,,,,,,,,pending,
ooo-lv028,en,explorer,odd-one-out reasoning,,,,,,,,pending,
ooo-lv028,vi,explorer,suy luận vật khác nhóm,,,,,,,,pending,
ooo-lv029,en,explorer,odd-one-out reasoning,,,,,,,,pending,
ooo-lv029,vi,explorer,suy luận vật khác nhóm,,,,,,,,pending,
ooo-lv030,en,explorer,odd-one-out reasoning,,,,,,,,pending,
ooo-lv030,vi,explorer,suy luận vật khác nhóm,,,,,,,,pending,
ooo-lv031,en,explorer,odd-one-out reasoning,,,,,,,,pending,
ooo-lv031,vi,explorer,suy luận vật khác nhóm,,,,,,,,pending,
ooo-lv032,en,explorer,odd-one-out reasoning,,,,,,,,pending,
ooo-lv032,vi,explorer,suy luận vật khác nhóm,,,,,,,,pending,
ooo-lv033,en,explorer,odd-one-out reasoning,,,,,,,,pending,
ooo-lv033,vi,explorer,suy luận vật khác nhóm,,,,,,,,pending,
ooo-lv034,en,explorer,odd-one-out reasoning,,,,,,,,pending,
ooo-lv034,vi,explorer,suy luận vật khác nhóm,,,,,,,,pending,
ooo-lv035,en,explorer,odd-one-out reasoning,,,,,,,,pending,
ooo-lv035,vi,explorer,suy luận vật khác nhóm,,,,,,,,pending,
ooo-lv036,en,explorer,odd-one-out reasoning,,,,,,,,pending,
ooo-lv036,vi,explorer,suy luận vật khác nhóm,,,,,,,,pending,
ooo-lv037,en,explorer,odd-one-out reasoning,,,,,,,,pending,
ooo-lv037,vi,explorer,suy luận vật khác nhóm,,,,,,,,pending,
ooo-lv038,en,explorer,odd-one-out reasoning,,,,,,,,pending,
ooo-lv038,vi,explorer,suy luận vật khác nhóm,,,,,,,,pending,
ooo-lv039,en,explorer,odd-one-out reasoning,,,,,,,,pending,
ooo-lv039,vi,explorer,suy luận vật khác nhóm,,,,,,,,pending,
ooo-lv040,en,explorer,odd-one-out reasoning,,,,,,,,pending,
ooo-lv040,vi,explorer,suy luận vật khác nhóm,,,,,,,,pending,
ooo-lv041,en,explorer,odd-one-out reasoning,,,,,,,,pending,
ooo-lv041,vi,explorer,suy luận vật khác nhóm,,,,,,,,pending,
ooo-lv042,en,explorer,odd-one-out reasoning,,,,,,,,pending,
ooo-lv042,vi,explorer,suy luận vật khác nhóm,,,,,,,,pending,
ooo-lv043,en,explorer,odd-one-out reasoning,,,,,,,,pending,
ooo-lv043,vi,explorer,suy luận vật khác nhóm,,,,,,,,pending,
ooo-lv044,en,explorer,odd-one-out reasoning,,,,,,,,pending,
ooo-lv044,vi,explorer,suy luận vật khác nhóm,,,,,,,,pending,
ooo-lv045,en,explorer,odd-one-out reasoning,,,,,,,,pending,
ooo-lv045,vi,explorer,suy luận vật khác nhóm,,,,,,,,pending,
ooo-lv046,en,explorer,odd-one-out reasoning,,,,,,,,pending,
ooo-lv046,vi,explorer,suy luận vật khác nhóm,,,,,,,,pending,
ooo-lv047,en,explorer,odd-one-out reasoning,,,,,,,,pending,
ooo-lv047,vi,explorer,suy luận vật khác nhóm,,,,,,,,pending,
ooo-lv048,en,explorer,odd-one-out reasoning,,,,,,,,pending,
ooo-lv048,vi,explorer,suy luận vật khác nhóm,,,,,,,,pending,
ooo-lv049,en,explorer,odd-one-out reasoning,,,,,,,,pending,
ooo-lv049,vi,explorer,suy luận vật khác nhóm,,,,,,,,pending,
ooo-lv050,en,explorer,odd-one-out reasoning,,,,,,,,pending,
ooo-lv050,vi,explorer,suy luận vật khác nhóm,,,,,,,,pending,
ooo-lv051,en,master,odd-one-out reasoning,,,,,,,,pending,
ooo-lv051,vi,master,suy luận vật khác nhóm,,,,,,,,pending,
ooo-lv052,en,master,odd-one-out reasoning,,,,,,,,pending,
ooo-lv052,vi,master,suy luận vật khác nhóm,,,,,,,,pending,
ooo-lv053,en,master,odd-one-out reasoning,,,,,,,,pending,
ooo-lv053,vi,master,suy luận vật khác nhóm,,,,,,,,pending,
ooo-lv054,en,master,odd-one-out reasoning,,,,,,,,pending,
ooo-lv054,vi,master,suy luận vật khác nhóm,,,,,,,,pending,
ooo-lv055,en,master,odd-one-out reasoning,,,,,,,,pending,
ooo-lv055,vi,master,suy luận vật khác nhóm,,,,,,,,pending,
ooo-lv056,en,master,odd-one-out reasoning,,,,,,,,pending,
ooo-lv056,vi,master,suy luận vật khác nhóm,,,,,,,,pending,
ooo-lv057,en,master,odd-one-out reasoning,,,,,,,,pending,
ooo-lv057,vi,master,suy luận vật khác nhóm,,,,,,,,pending,
ooo-lv058,en,master,odd-one-out reasoning,,,,,,,,pending,
ooo-lv058,vi,master,suy luận vật khác nhóm,,,,,,,,pending,
ooo-lv059,en,master,odd-one-out reasoning,,,,,,,,pending,
ooo-lv059,vi,master,suy luận vật khác nhóm,,,,,,,,pending,
ooo-lv060,en,master,odd-one-out reasoning,,,,,,,,pending,
ooo-lv060,vi,master,suy luận vật khác nhóm,,,,,,,,pending,
ooo-lv061,en,master,odd-one-out reasoning,,,,,,,,pending,
ooo-lv061,vi,master,suy luận vật khác nhóm,,,,,,,,pending,
ooo-lv062,en,master,odd-one-out reasoning,,,,,,,,pending,
ooo-lv062,vi,master,suy luận vật khác nhóm,,,,,,,,pending,
ooo-lv063,en,master,odd-one-out reasoning,,,,,,,,pending,
ooo-lv063,vi,master,suy luận vật khác nhóm,,,,,,,,pending,
ooo-lv064,en,master,odd-one-out reasoning,,,,,,,,pending,
ooo-lv064,vi,master,suy luận vật khác nhóm,,,,,,,,pending,
ooo-lv065,en,master,odd-one-out reasoning,,,,,,,,pending,
ooo-lv065,vi,master,suy luận vật khác nhóm,,,,,,,,pending,
ooo-lv066,en,master,odd-one-out reasoning,,,,,,,,pending,
ooo-lv066,vi,master,suy luận vật khác nhóm,,,,,,,,pending,
ooo-lv067,en,master,odd-one-out reasoning,,,,,,,,pending,
ooo-lv067,vi,master,suy luận vật khác nhóm,,,,,,,,pending,
ooo-lv068,en,master,odd-one-out reasoning,,,,,,,,pending,
ooo-lv068,vi,master,suy luận vật khác nhóm,,,,,,,,pending,
ooo-lv069,en,master,odd-one-out reasoning,,,,,,,,pending,
ooo-lv069,vi,master,suy luận vật khác nhóm,,,,,,,,pending,
ooo-lv070,en,master,odd-one-out reasoning,,,,,,,,pending,
ooo-lv070,vi,master,suy luận vật khác nhóm,,,,,,,,pending,
ooo-lv071,en,master,odd-one-out reasoning,,,,,,,,pending,
ooo-lv071,vi,master,suy luận vật khác nhóm,,,,,,,,pending,
ooo-lv072,en,master,odd-one-out reasoning,,,,,,,,pending,
ooo-lv072,vi,master,suy luận vật khác nhóm,,,,,,,,pending,
ooo-lv073,en,master,odd-one-out reasoning,,,,,,,,pending,
ooo-lv073,vi,master,suy luận vật khác nhóm,,,,,,,,pending,
ooo-lv074,en,master,odd-one-out reasoning,,,,,,,,pending,
ooo-lv074,vi,master,suy luận vật khác nhóm,,,,,,,,pending,
ooo-lv075,en,master,odd-one-out reasoning,,,,,,,,pending,
ooo-lv075,vi,master,suy luận vật khác nhóm,,,,,,,,pending,
op-lv001,en,junior,opposite word matching,,,,,,,,pending,
op-lv001,vi,junior,ghép từ trái nghĩa,,,,,,,,pending,
op-lv002,en,junior,opposite word matching,,,,,,,,pending,
op-lv002,vi,junior,ghép từ trái nghĩa,,,,,,,,pending,
op-lv003,en,junior,opposite word matching,,,,,,,,pending,
op-lv003,vi,junior,ghép từ trái nghĩa,,,,,,,,pending,
op-lv004,en,junior,opposite word matching,,,,,,,,pending,
op-lv004,vi,junior,ghép từ trái nghĩa,,,,,,,,pending,
op-lv005,en,junior,opposite word matching,,,,,,,,pending,
op-lv005,vi,junior,ghép từ trái nghĩa,,,,,,,,pending,
op-lv006,en,junior,opposite word matching,,,,,,,,pending,
op-lv006,vi,junior,ghép từ trái nghĩa,,,,,,,,pending,
op-lv007,en,junior,opposite word matching,,,,,,,,pending,
op-lv007,vi,junior,ghép từ trái nghĩa,,,,,,,,pending,
op-lv008,en,junior,opposite word matching,,,,,,,,pending,
op-lv008,vi,junior,ghép từ trái nghĩa,,,,,,,,pending,
op-lv009,en,junior,opposite word matching,,,,,,,,pending,
op-lv009,vi,junior,ghép từ trái nghĩa,,,,,,,,pending,
op-lv010,en,junior,opposite word matching,,,,,,,,pending,
op-lv010,vi,junior,ghép từ trái nghĩa,,,,,,,,pending,
op-lv011,en,junior,opposite word matching,,,,,,,,pending,
op-lv011,vi,junior,ghép từ trái nghĩa,,,,,,,,pending,
op-lv012,en,junior,opposite word matching,,,,,,,,pending,
op-lv012,vi,junior,ghép từ trái nghĩa,,,,,,,,pending,
op-lv013,en,junior,opposite word matching,,,,,,,,pending,
op-lv013,vi,junior,ghép từ trái nghĩa,,,,,,,,pending,
op-lv014,en,junior,opposite word matching,,,,,,,,pending,
op-lv014,vi,junior,ghép từ trái nghĩa,,,,,,,,pending,
op-lv015,en,junior,opposite word matching,,,,,,,,pending,
op-lv015,vi,junior,ghép từ trái nghĩa,,,,,,,,pending,
op-lv016,en,junior,opposite word matching,,,,,,,,pending,
op-lv016,vi,junior,ghép từ trái nghĩa,,,,,,,,pending,
op-lv017,en,junior,opposite word matching,,,,,,,,pending,
op-lv017,vi,junior,ghép từ trái nghĩa,,,,,,,,pending,
op-lv018,en,junior,opposite word matching,,,,,,,,pending,
op-lv018,vi,junior,ghép từ trái nghĩa,,,,,,,,pending,
op-lv019,en,junior,opposite word matching,,,,,,,,pending,
op-lv019,vi,junior,ghép từ trái nghĩa,,,,,,,,pending,
op-lv020,en,junior,opposite word matching,,,,,,,,pending,
op-lv020,vi,junior,ghép từ trái nghĩa,,,,,,,,pending,
op-lv021,en,explorer,opposite word matching,,,,,,,,pending,
op-lv021,vi,explorer,ghép từ trái nghĩa,,,,,,,,pending,
op-lv022,en,explorer,opposite word matching,,,,,,,,pending,
op-lv022,vi,explorer,ghép từ trái nghĩa,,,,,,,,pending,
op-lv023,en,explorer,opposite word matching,,,,,,,,pending,
op-lv023,vi,explorer,ghép từ trái nghĩa,,,,,,,,pending,
op-lv024,en,explorer,opposite word matching,,,,,,,,pending,
op-lv024,vi,explorer,ghép từ trái nghĩa,,,,,,,,pending,
op-lv025,en,explorer,opposite word matching,,,,,,,,pending,
op-lv025,vi,explorer,ghép từ trái nghĩa,,,,,,,,pending,
op-lv026,en,explorer,opposite word matching,,,,,,,,pending,
op-lv026,vi,explorer,ghép từ trái nghĩa,,,,,,,,pending,
op-lv027,en,explorer,opposite word matching,,,,,,,,pending,
op-lv027,vi,explorer,ghép từ trái nghĩa,,,,,,,,pending,
op-lv028,en,explorer,opposite word matching,,,,,,,,pending,
op-lv028,vi,explorer,ghép từ trái nghĩa,,,,,,,,pending,
op-lv029,en,explorer,opposite word matching,,,,,,,,pending,
op-lv029,vi,explorer,ghép từ trái nghĩa,,,,,,,,pending,
op-lv030,en,explorer,opposite word matching,,,,,,,,pending,
op-lv030,vi,explorer,ghép từ trái nghĩa,,,,,,,,pending,
op-lv031,en,explorer,opposite word matching,,,,,,,,pending,
op-lv031,vi,explorer,ghép từ trái nghĩa,,,,,,,,pending,
op-lv032,en,explorer,opposite word matching,,,,,,,,pending,
op-lv032,vi,explorer,ghép từ trái nghĩa,,,,,,,,pending,
op-lv033,en,explorer,opposite word matching,,,,,,,,pending,
op-lv033,vi,explorer,ghép từ trái nghĩa,,,,,,,,pending,
op-lv034,en,explorer,opposite word matching,,,,,,,,pending,
op-lv034,vi,explorer,ghép từ trái nghĩa,,,,,,,,pending,
op-lv035,en,explorer,opposite word matching,,,,,,,,pending,
op-lv035,vi,explorer,ghép từ trái nghĩa,,,,,,,,pending,
op-lv036,en,explorer,opposite word matching,,,,,,,,pending,
op-lv036,vi,explorer,ghép từ trái nghĩa,,,,,,,,pending,
op-lv037,en,explorer,opposite word matching,,,,,,,,pending,
op-lv037,vi,explorer,ghép từ trái nghĩa,,,,,,,,pending,
op-lv038,en,explorer,opposite word matching,,,,,,,,pending,
op-lv038,vi,explorer,ghép từ trái nghĩa,,,,,,,,pending,
op-lv039,en,explorer,opposite word matching,,,,,,,,pending,
op-lv039,vi,explorer,ghép từ trái nghĩa,,,,,,,,pending,
op-lv040,en,explorer,opposite word matching,,,,,,,,pending,
op-lv040,vi,explorer,ghép từ trái nghĩa,,,,,,,,pending,
op-lv041,en,master,opposite word matching,,,,,,,,pending,
op-lv041,vi,master,ghép từ trái nghĩa,,,,,,,,pending,
op-lv042,en,master,opposite word matching,,,,,,,,pending,
op-lv042,vi,master,ghép từ trái nghĩa,,,,,,,,pending,
op-lv043,en,master,opposite word matching,,,,,,,,pending,
op-lv043,vi,master,ghép từ trái nghĩa,,,,,,,,pending,
op-lv044,en,master,opposite word matching,,,,,,,,pending,
op-lv044,vi,master,ghép từ trái nghĩa,,,,,,,,pending,
op-lv045,en,master,opposite word matching,,,,,,,,pending,
op-lv045,vi,master,ghép từ trái nghĩa,,,,,,,,pending,
op-lv046,en,master,opposite word matching,,,,,,,,pending,
op-lv046,vi,master,ghép từ trái nghĩa,,,,,,,,pending,
op-lv047,en,master,opposite word matching,,,,,,,,pending,
op-lv047,vi,master,ghép từ trái nghĩa,,,,,,,,pending,
op-lv048,en,master,opposite word matching,,,,,,,,pending,
op-lv048,vi,master,ghép từ trái nghĩa,,,,,,,,pending,
op-lv049,en,master,opposite word matching,,,,,,,,pending,
op-lv049,vi,master,ghép từ trái nghĩa,,,,,,,,pending,
op-lv050,en,master,opposite word matching,,,,,,,,pending,
op-lv050,vi,master,ghép từ trái nghĩa,,,,,,,,pending,
op-lv051,en,master,opposite word matching,,,,,,,,pending,
op-lv051,vi,master,ghép từ trái nghĩa,,,,,,,,pending,
op-lv052,en,master,opposite word matching,,,,,,,,pending,
op-lv052,vi,master,ghép từ trái nghĩa,,,,,,,,pending,
op-lv053,en,master,opposite word matching,,,,,,,,pending,
op-lv053,vi,master,ghép từ trái nghĩa,,,,,,,,pending,
op-lv054,en,master,opposite word matching,,,,,,,,pending,
op-lv054,vi,master,ghép từ trái nghĩa,,,,,,,,pending,
op-lv055,en,master,opposite word matching,,,,,,,,pending,
op-lv055,vi,master,ghép từ trái nghĩa,,,,,,,,pending,
op-lv056,en,master,opposite word matching,,,,,,,,pending,
op-lv056,vi,master,ghép từ trái nghĩa,,,,,,,,pending,
op-lv057,en,master,opposite word matching,,,,,,,,pending,
op-lv057,vi,master,ghép từ trái nghĩa,,,,,,,,pending,
op-lv058,en,master,opposite word matching,,,,,,,,pending,
op-lv058,vi,master,ghép từ trái nghĩa,,,,,,,,pending,
op-lv059,en,master,opposite word matching,,,,,,,,pending,
op-lv059,vi,master,ghép từ trái nghĩa,,,,,,,,pending,
op-lv060,en,master,opposite word matching,,,,,,,,pending,
op-lv060,vi,master,ghép từ trái nghĩa,,,,,,,,pending,
wt-lv001,en,junior,weather cause and effect,,,,,,,,pending,
wt-lv001,vi,junior,nguyên nhân và kết quả thời tiết,,,,,,,,pending,
wt-lv002,en,junior,weather cause and effect,,,,,,,,pending,
wt-lv002,vi,junior,nguyên nhân và kết quả thời tiết,,,,,,,,pending,
wt-lv003,en,junior,weather cause and effect,,,,,,,,pending,
wt-lv003,vi,junior,nguyên nhân và kết quả thời tiết,,,,,,,,pending,
wt-lv004,en,junior,weather cause and effect,,,,,,,,pending,
wt-lv004,vi,junior,nguyên nhân và kết quả thời tiết,,,,,,,,pending,
wt-lv005,en,junior,weather cause and effect,,,,,,,,pending,
wt-lv005,vi,junior,nguyên nhân và kết quả thời tiết,,,,,,,,pending,
wt-lv006,en,junior,weather cause and effect,,,,,,,,pending,
wt-lv006,vi,junior,nguyên nhân và kết quả thời tiết,,,,,,,,pending,
wt-lv007,en,junior,weather cause and effect,,,,,,,,pending,
wt-lv007,vi,junior,nguyên nhân và kết quả thời tiết,,,,,,,,pending,
wt-lv008,en,junior,weather cause and effect,,,,,,,,pending,
wt-lv008,vi,junior,nguyên nhân và kết quả thời tiết,,,,,,,,pending,
wt-lv009,en,junior,weather cause and effect,,,,,,,,pending,
wt-lv009,vi,junior,nguyên nhân và kết quả thời tiết,,,,,,,,pending,
wt-lv010,en,junior,weather cause and effect,,,,,,,,pending,
wt-lv010,vi,junior,nguyên nhân và kết quả thời tiết,,,,,,,,pending,
wt-lv011,en,junior,weather cause and effect,,,,,,,,pending,
wt-lv011,vi,junior,nguyên nhân và kết quả thời tiết,,,,,,,,pending,
wt-lv012,en,junior,weather cause and effect,,,,,,,,pending,
wt-lv012,vi,junior,nguyên nhân và kết quả thời tiết,,,,,,,,pending,
wt-lv013,en,junior,weather cause and effect,,,,,,,,pending,
wt-lv013,vi,junior,nguyên nhân và kết quả thời tiết,,,,,,,,pending,
wt-lv014,en,junior,weather cause and effect,,,,,,,,pending,
wt-lv014,vi,junior,nguyên nhân và kết quả thời tiết,,,,,,,,pending,
wt-lv015,en,junior,weather cause and effect,,,,,,,,pending,
wt-lv015,vi,junior,nguyên nhân và kết quả thời tiết,,,,,,,,pending,
wt-lv016,en,junior,weather cause and effect,,,,,,,,pending,
wt-lv016,vi,junior,nguyên nhân và kết quả thời tiết,,,,,,,,pending,
wt-lv017,en,junior,weather cause and effect,,,,,,,,pending,
wt-lv017,vi,junior,nguyên nhân và kết quả thời tiết,,,,,,,,pending,
wt-lv018,en,junior,weather cause and effect,,,,,,,,pending,
wt-lv018,vi,junior,nguyên nhân và kết quả thời tiết,,,,,,,,pending,
wt-lv019,en,junior,weather cause and effect,,,,,,,,pending,
wt-lv019,vi,junior,nguyên nhân và kết quả thời tiết,,,,,,,,pending,
wt-lv020,en,junior,weather cause and effect,,,,,,,,pending,
wt-lv020,vi,junior,nguyên nhân và kết quả thời tiết,,,,,,,,pending,
wt-lv021,en,explorer,weather cause and effect,,,,,,,,pending,
wt-lv021,vi,explorer,nguyên nhân và kết quả thời tiết,,,,,,,,pending,
wt-lv022,en,explorer,weather cause and effect,,,,,,,,pending,
wt-lv022,vi,explorer,nguyên nhân và kết quả thời tiết,,,,,,,,pending,
wt-lv023,en,explorer,weather cause and effect,,,,,,,,pending,
wt-lv023,vi,explorer,nguyên nhân và kết quả thời tiết,,,,,,,,pending,
wt-lv024,en,explorer,weather cause and effect,,,,,,,,pending,
wt-lv024,vi,explorer,nguyên nhân và kết quả thời tiết,,,,,,,,pending,
wt-lv025,en,explorer,weather cause and effect,,,,,,,,pending,
wt-lv025,vi,explorer,nguyên nhân và kết quả thời tiết,,,,,,,,pending,
wt-lv026,en,explorer,weather cause and effect,,,,,,,,pending,
wt-lv026,vi,explorer,nguyên nhân và kết quả thời tiết,,,,,,,,pending,
wt-lv027,en,explorer,weather cause and effect,,,,,,,,pending,
wt-lv027,vi,explorer,nguyên nhân và kết quả thời tiết,,,,,,,,pending,
wt-lv028,en,explorer,weather cause and effect,,,,,,,,pending,
wt-lv028,vi,explorer,nguyên nhân và kết quả thời tiết,,,,,,,,pending,
wt-lv029,en,explorer,weather cause and effect,,,,,,,,pending,
wt-lv029,vi,explorer,nguyên nhân và kết quả thời tiết,,,,,,,,pending,
wt-lv030,en,explorer,weather cause and effect,,,,,,,,pending,
wt-lv030,vi,explorer,nguyên nhân và kết quả thời tiết,,,,,,,,pending,
wt-lv031,en,explorer,weather cause and effect,,,,,,,,pending,
wt-lv031,vi,explorer,nguyên nhân và kết quả thời tiết,,,,,,,,pending,
wt-lv032,en,explorer,weather cause and effect,,,,,,,,pending,
wt-lv032,vi,explorer,nguyên nhân và kết quả thời tiết,,,,,,,,pending,
wt-lv033,en,explorer,weather cause and effect,,,,,,,,pending,
wt-lv033,vi,explorer,nguyên nhân và kết quả thời tiết,,,,,,,,pending,
wt-lv034,en,explorer,weather cause and effect,,,,,,,,pending,
wt-lv034,vi,explorer,nguyên nhân và kết quả thời tiết,,,,,,,,pending,
wt-lv035,en,explorer,weather cause and effect,,,,,,,,pending,
wt-lv035,vi,explorer,nguyên nhân và kết quả thời tiết,,,,,,,,pending,
wt-lv036,en,explorer,weather cause and effect,,,,,,,,pending,
wt-lv036,vi,explorer,nguyên nhân và kết quả thời tiết,,,,,,,,pending,
wt-lv037,en,explorer,weather cause and effect,,,,,,,,pending,
wt-lv037,vi,explorer,nguyên nhân và kết quả thời tiết,,,,,,,,pending,
wt-lv038,en,explorer,weather cause and effect,,,,,,,,pending,
wt-lv038,vi,explorer,nguyên nhân và kết quả thời tiết,,,,,,,,pending,
wt-lv039,en,explorer,weather cause and effect,,,,,,,,pending,
wt-lv039,vi,explorer,nguyên nhân và kết quả thời tiết,,,,,,,,pending,
wt-lv040,en,explorer,weather cause and effect,,,,,,,,pending,
wt-lv040,vi,explorer,nguyên nhân và kết quả thời tiết,,,,,,,,pending,
wt-lv041,en,master,weather cause and effect,,,,,,,,pending,
wt-lv041,vi,master,nguyên nhân và kết quả thời tiết,,,,,,,,pending,
wt-lv042,en,master,weather cause and effect,,,,,,,,pending,
wt-lv042,vi,master,nguyên nhân và kết quả thời tiết,,,,,,,,pending,
wt-lv043,en,master,weather cause and effect,,,,,,,,pending,
wt-lv043,vi,master,nguyên nhân và kết quả thời tiết,,,,,,,,pending,
wt-lv044,en,master,weather cause and effect,,,,,,,,pending,
wt-lv044,vi,master,nguyên nhân và kết quả thời tiết,,,,,,,,pending,
wt-lv045,en,master,weather cause and effect,,,,,,,,pending,
wt-lv045,vi,master,nguyên nhân và kết quả thời tiết,,,,,,,,pending,
wt-lv046,en,master,weather cause and effect,,,,,,,,pending,
wt-lv046,vi,master,nguyên nhân và kết quả thời tiết,,,,,,,,pending,
wt-lv047,en,master,weather cause and effect,,,,,,,,pending,
wt-lv047,vi,master,nguyên nhân và kết quả thời tiết,,,,,,,,pending,
wt-lv048,en,master,weather cause and effect,,,,,,,,pending,
wt-lv048,vi,master,nguyên nhân và kết quả thời tiết,,,,,,,,pending,
wt-lv049,en,master,weather cause and effect,,,,,,,,pending,
wt-lv049,vi,master,nguyên nhân và kết quả thời tiết,,,,,,,,pending,
wt-lv050,en,master,weather cause and effect,,,,,,,,pending,
wt-lv050,vi,master,nguyên nhân và kết quả thời tiết,,,,,,,,pending,
wt-lv051,en,master,weather cause and effect,,,,,,,,pending,
wt-lv051,vi,master,nguyên nhân và kết quả thời tiết,,,,,,,,pending,
wt-lv052,en,master,weather cause and effect,,,,,,,,pending,
wt-lv052,vi,master,nguyên nhân và kết quả thời tiết,,,,,,,,pending,
wt-lv053,en,master,weather cause and effect,,,,,,,,pending,
wt-lv053,vi,master,nguyên nhân và kết quả thời tiết,,,,,,,,pending,
wt-lv054,en,master,weather cause and effect,,,,,,,,pending,
wt-lv054,vi,master,nguyên nhân và kết quả thời tiết,,,,,,,,pending,
wt-lv055,en,master,weather cause and effect,,,,,,,,pending,
wt-lv055,vi,master,nguyên nhân và kết quả thời tiết,,,,,,,,pending,
wt-lv056,en,master,weather cause and effect,,,,,,,,pending,
wt-lv056,vi,master,nguyên nhân và kết quả thời tiết,,,,,,,,pending,
wt-lv057,en,master,weather cause and effect,,,,,,,,pending,
wt-lv057,vi,master,nguyên nhân và kết quả thời tiết,,,,,,,,pending,
wt-lv058,en,master,weather cause and effect,,,,,,,,pending,
wt-lv058,vi,master,nguyên nhân và kết quả thời tiết,,,,,,,,pending,
wt-lv059,en,master,weather cause and effect,,,,,,,,pending,
wt-lv059,vi,master,nguyên nhân và kết quả thời tiết,,,,,,,,pending,
wt-lv060,en,master,weather cause and effect,,,,,,,,pending,
wt-lv060,vi,master,nguyên nhân và kết quả thời tiết,,,,,,,,pending,
mj-lv001,en,junior,memory sequence replay,,,,,,,,pending,
mj-lv001,vi,junior,ghi nhớ và lặp lại trình tự,,,,,,,,pending,
mj-lv002,en,junior,memory sequence replay,,,,,,,,pending,
mj-lv002,vi,junior,ghi nhớ và lặp lại trình tự,,,,,,,,pending,
mj-lv003,en,junior,memory sequence replay,,,,,,,,pending,
mj-lv003,vi,junior,ghi nhớ và lặp lại trình tự,,,,,,,,pending,
mj-lv004,en,junior,memory sequence replay,,,,,,,,pending,
mj-lv004,vi,junior,ghi nhớ và lặp lại trình tự,,,,,,,,pending,
mj-lv005,en,junior,memory sequence replay,,,,,,,,pending,
mj-lv005,vi,junior,ghi nhớ và lặp lại trình tự,,,,,,,,pending,
mj-lv006,en,junior,memory sequence replay,,,,,,,,pending,
mj-lv006,vi,junior,ghi nhớ và lặp lại trình tự,,,,,,,,pending,
mj-lv007,en,junior,memory sequence replay,,,,,,,,pending,
mj-lv007,vi,junior,ghi nhớ và lặp lại trình tự,,,,,,,,pending,
mj-lv008,en,junior,memory sequence replay,,,,,,,,pending,
mj-lv008,vi,junior,ghi nhớ và lặp lại trình tự,,,,,,,,pending,
mj-lv009,en,junior,memory sequence replay,,,,,,,,pending,
mj-lv009,vi,junior,ghi nhớ và lặp lại trình tự,,,,,,,,pending,
mj-lv010,en,junior,memory sequence replay,,,,,,,,pending,
mj-lv010,vi,junior,ghi nhớ và lặp lại trình tự,,,,,,,,pending,
mj-lv011,en,junior,memory sequence replay,,,,,,,,pending,
mj-lv011,vi,junior,ghi nhớ và lặp lại trình tự,,,,,,,,pending,
mj-lv012,en,junior,memory sequence replay,,,,,,,,pending,
mj-lv012,vi,junior,ghi nhớ và lặp lại trình tự,,,,,,,,pending,
mj-lv013,en,junior,memory sequence replay,,,,,,,,pending,
mj-lv013,vi,junior,ghi nhớ và lặp lại trình tự,,,,,,,,pending,
mj-lv014,en,junior,memory sequence replay,,,,,,,,pending,
mj-lv014,vi,junior,ghi nhớ và lặp lại trình tự,,,,,,,,pending,
mj-lv015,en,junior,memory sequence replay,,,,,,,,pending,
mj-lv015,vi,junior,ghi nhớ và lặp lại trình tự,,,,,,,,pending,
mj-lv016,en,junior,memory sequence replay,,,,,,,,pending,
mj-lv016,vi,junior,ghi nhớ và lặp lại trình tự,,,,,,,,pending,
mj-lv017,en,junior,memory sequence replay,,,,,,,,pending,
mj-lv017,vi,junior,ghi nhớ và lặp lại trình tự,,,,,,,,pending,
mj-lv018,en,junior,memory sequence replay,,,,,,,,pending,
mj-lv018,vi,junior,ghi nhớ và lặp lại trình tự,,,,,,,,pending,
mj-lv019,en,junior,memory sequence replay,,,,,,,,pending,
mj-lv019,vi,junior,ghi nhớ và lặp lại trình tự,,,,,,,,pending,
mj-lv020,en,junior,memory sequence replay,,,,,,,,pending,
mj-lv020,vi,junior,ghi nhớ và lặp lại trình tự,,,,,,,,pending,
mj-lv021,en,junior,memory sequence replay,,,,,,,,pending,
mj-lv021,vi,junior,ghi nhớ và lặp lại trình tự,,,,,,,,pending,
mj-lv022,en,junior,memory sequence replay,,,,,,,,pending,
mj-lv022,vi,junior,ghi nhớ và lặp lại trình tự,,,,,,,,pending,
mj-lv023,en,junior,memory sequence replay,,,,,,,,pending,
mj-lv023,vi,junior,ghi nhớ và lặp lại trình tự,,,,,,,,pending,
mj-lv024,en,junior,memory sequence replay,,,,,,,,pending,
mj-lv024,vi,junior,ghi nhớ và lặp lại trình tự,,,,,,,,pending,
mj-lv025,en,junior,memory sequence replay,,,,,,,,pending,
mj-lv025,vi,junior,ghi nhớ và lặp lại trình tự,,,,,,,,pending,
mj-lv026,en,explorer,memory sequence replay,,,,,,,,pending,
mj-lv026,vi,explorer,ghi nhớ và lặp lại trình tự,,,,,,,,pending,
mj-lv027,en,explorer,memory sequence replay,,,,,,,,pending,
mj-lv027,vi,explorer,ghi nhớ và lặp lại trình tự,,,,,,,,pending,
mj-lv028,en,explorer,memory sequence replay,,,,,,,,pending,
mj-lv028,vi,explorer,ghi nhớ và lặp lại trình tự,,,,,,,,pending,
mj-lv029,en,explorer,memory sequence replay,,,,,,,,pending,
mj-lv029,vi,explorer,ghi nhớ và lặp lại trình tự,,,,,,,,pending,
mj-lv030,en,explorer,memory sequence replay,,,,,,,,pending,
mj-lv030,vi,explorer,ghi nhớ và lặp lại trình tự,,,,,,,,pending,
mj-lv031,en,explorer,memory sequence replay,,,,,,,,pending,
mj-lv031,vi,explorer,ghi nhớ và lặp lại trình tự,,,,,,,,pending,
mj-lv032,en,explorer,memory sequence replay,,,,,,,,pending,
mj-lv032,vi,explorer,ghi nhớ và lặp lại trình tự,,,,,,,,pending,
mj-lv033,en,explorer,memory sequence replay,,,,,,,,pending,
mj-lv033,vi,explorer,ghi nhớ và lặp lại trình tự,,,,,,,,pending,
mj-lv034,en,explorer,memory sequence replay,,,,,,,,pending,
mj-lv034,vi,explorer,ghi nhớ và lặp lại trình tự,,,,,,,,pending,
mj-lv035,en,explorer,memory sequence replay,,,,,,,,pending,
mj-lv035,vi,explorer,ghi nhớ và lặp lại trình tự,,,,,,,,pending,
mj-lv036,en,explorer,memory sequence replay,,,,,,,,pending,
mj-lv036,vi,explorer,ghi nhớ và lặp lại trình tự,,,,,,,,pending,
mj-lv037,en,explorer,memory sequence replay,,,,,,,,pending,
mj-lv037,vi,explorer,ghi nhớ và lặp lại trình tự,,,,,,,,pending,
mj-lv038,en,explorer,memory sequence replay,,,,,,,,pending,
mj-lv038,vi,explorer,ghi nhớ và lặp lại trình tự,,,,,,,,pending,
mj-lv039,en,explorer,memory sequence replay,,,,,,,,pending,
mj-lv039,vi,explorer,ghi nhớ và lặp lại trình tự,,,,,,,,pending,
mj-lv040,en,explorer,memory sequence replay,,,,,,,,pending,
mj-lv040,vi,explorer,ghi nhớ và lặp lại trình tự,,,,,,,,pending,
mj-lv041,en,explorer,memory sequence replay,,,,,,,,pending,
mj-lv041,vi,explorer,ghi nhớ và lặp lại trình tự,,,,,,,,pending,
mj-lv042,en,explorer,memory sequence replay,,,,,,,,pending,
mj-lv042,vi,explorer,ghi nhớ và lặp lại trình tự,,,,,,,,pending,
mj-lv043,en,explorer,memory sequence replay,,,,,,,,pending,
mj-lv043,vi,explorer,ghi nhớ và lặp lại trình tự,,,,,,,,pending,
mj-lv044,en,explorer,memory sequence replay,,,,,,,,pending,
mj-lv044,vi,explorer,ghi nhớ và lặp lại trình tự,,,,,,,,pending,
mj-lv045,en,explorer,memory sequence replay,,,,,,,,pending,
mj-lv045,vi,explorer,ghi nhớ và lặp lại trình tự,,,,,,,,pending,
mj-lv046,en,explorer,memory sequence replay,,,,,,,,pending,
mj-lv046,vi,explorer,ghi nhớ và lặp lại trình tự,,,,,,,,pending,
mj-lv047,en,explorer,memory sequence replay,,,,,,,,pending,
mj-lv047,vi,explorer,ghi nhớ và lặp lại trình tự,,,,,,,,pending,
mj-lv048,en,explorer,memory sequence replay,,,,,,,,pending,
mj-lv048,vi,explorer,ghi nhớ và lặp lại trình tự,,,,,,,,pending,
mj-lv049,en,explorer,memory sequence replay,,,,,,,,pending,
mj-lv049,vi,explorer,ghi nhớ và lặp lại trình tự,,,,,,,,pending,
mj-lv050,en,explorer,memory sequence replay,,,,,,,,pending,
mj-lv050,vi,explorer,ghi nhớ và lặp lại trình tự,,,,,,,,pending,
mj-lv051,en,master,memory sequence replay,,,,,,,,pending,
mj-lv051,vi,master,ghi nhớ và lặp lại trình tự,,,,,,,,pending,
mj-lv052,en,master,memory sequence replay,,,,,,,,pending,
mj-lv052,vi,master,ghi nhớ và lặp lại trình tự,,,,,,,,pending,
mj-lv053,en,master,memory sequence replay,,,,,,,,pending,
mj-lv053,vi,master,ghi nhớ và lặp lại trình tự,,,,,,,,pending,
mj-lv054,en,master,memory sequence replay,,,,,,,,pending,
mj-lv054,vi,master,ghi nhớ và lặp lại trình tự,,,,,,,,pending,
mj-lv055,en,master,memory sequence replay,,,,,,,,pending,
mj-lv055,vi,master,ghi nhớ và lặp lại trình tự,,,,,,,,pending,
mj-lv056,en,master,memory sequence replay,,,,,,,,pending,
mj-lv056,vi,master,ghi nhớ và lặp lại trình tự,,,,,,,,pending,
mj-lv057,en,master,memory sequence replay,,,,,,,,pending,
mj-lv057,vi,master,ghi nhớ và lặp lại trình tự,,,,,,,,pending,
mj-lv058,en,master,memory sequence replay,,,,,,,,pending,
mj-lv058,vi,master,ghi nhớ và lặp lại trình tự,,,,,,,,pending,
mj-lv059,en,master,memory sequence replay,,,,,,,,pending,
mj-lv059,vi,master,ghi nhớ và lặp lại trình tự,,,,,,,,pending,
mj-lv060,en,master,memory sequence replay,,,,,,,,pending,
mj-lv060,vi,master,ghi nhớ và lặp lại trình tự,,,,,,,,pending,
mj-lv061,en,master,memory sequence replay,,,,,,,,pending,
mj-lv061,vi,master,ghi nhớ và lặp lại trình tự,,,,,,,,pending,
mj-lv062,en,master,memory sequence replay,,,,,,,,pending,
mj-lv062,vi,master,ghi nhớ và lặp lại trình tự,,,,,,,,pending,
mj-lv063,en,master,memory sequence replay,,,,,,,,pending,
mj-lv063,vi,master,ghi nhớ và lặp lại trình tự,,,,,,,,pending,
mj-lv064,en,master,memory sequence replay,,,,,,,,pending,
mj-lv064,vi,master,ghi nhớ và lặp lại trình tự,,,,,,,,pending,
mj-lv065,en,master,memory sequence replay,,,,,,,,pending,
mj-lv065,vi,master,ghi nhớ và lặp lại trình tự,,,,,,,,pending,
mj-lv066,en,master,memory sequence replay,,,,,,,,pending,
mj-lv066,vi,master,ghi nhớ và lặp lại trình tự,,,,,,,,pending,
mj-lv067,en,master,memory sequence replay,,,,,,,,pending,
mj-lv067,vi,master,ghi nhớ và lặp lại trình tự,,,,,,,,pending,
mj-lv068,en,master,memory sequence replay,,,,,,,,pending,
mj-lv068,vi,master,ghi nhớ và lặp lại trình tự,,,,,,,,pending,
mj-lv069,en,master,memory sequence replay,,,,,,,,pending,
mj-lv069,vi,master,ghi nhớ và lặp lại trình tự,,,,,,,,pending,
mj-lv070,en,master,memory sequence replay,,,,,,,,pending,
mj-lv070,vi,master,ghi nhớ và lặp lại trình tự,,,,,,,,pending,
mj-lv071,en,master,memory sequence replay,,,,,,,,pending,
mj-lv071,vi,master,ghi nhớ và lặp lại trình tự,,,,,,,,pending,
mj-lv072,en,master,memory sequence replay,,,,,,,,pending,
mj-lv072,vi,master,ghi nhớ và lặp lại trình tự,,,,,,,,pending,
mj-lv073,en,master,memory sequence replay,,,,,,,,pending,
mj-lv073,vi,master,ghi nhớ và lặp lại trình tự,,,,,,,,pending,
mj-lv074,en,master,memory sequence replay,,,,,,,,pending,
mj-lv074,vi,master,ghi nhớ và lặp lại trình tự,,,,,,,,pending,
mj-lv075,en,master,memory sequence replay,,,,,,,,pending,
mj-lv075,vi,master,ghi nhớ và lặp lại trình tự,,,,,,,,pending,
ce-lv001,en,junior,advanced category classification,,,,,,,,pending,
ce-lv001,vi,junior,phân loại nhóm nâng cao,,,,,,,,pending,
ce-lv002,en,junior,advanced category classification,,,,,,,,pending,
ce-lv002,vi,junior,phân loại nhóm nâng cao,,,,,,,,pending,
ce-lv003,en,junior,advanced category classification,,,,,,,,pending,
ce-lv003,vi,junior,phân loại nhóm nâng cao,,,,,,,,pending,
ce-lv004,en,junior,advanced category classification,,,,,,,,pending,
ce-lv004,vi,junior,phân loại nhóm nâng cao,,,,,,,,pending,
ce-lv005,en,junior,advanced category classification,,,,,,,,pending,
ce-lv005,vi,junior,phân loại nhóm nâng cao,,,,,,,,pending,
ce-lv006,en,junior,advanced category classification,,,,,,,,pending,
ce-lv006,vi,junior,phân loại nhóm nâng cao,,,,,,,,pending,
ce-lv007,en,junior,advanced category classification,,,,,,,,pending,
ce-lv007,vi,junior,phân loại nhóm nâng cao,,,,,,,,pending,
ce-lv008,en,junior,advanced category classification,,,,,,,,pending,
ce-lv008,vi,junior,phân loại nhóm nâng cao,,,,,,,,pending,
ce-lv009,en,junior,advanced category classification,,,,,,,,pending,
ce-lv009,vi,junior,phân loại nhóm nâng cao,,,,,,,,pending,
ce-lv010,en,junior,advanced category classification,,,,,,,,pending,
ce-lv010,vi,junior,phân loại nhóm nâng cao,,,,,,,,pending,
ce-lv011,en,junior,advanced category classification,,,,,,,,pending,
ce-lv011,vi,junior,phân loại nhóm nâng cao,,,,,,,,pending,
ce-lv012,en,junior,advanced category classification,,,,,,,,pending,
ce-lv012,vi,junior,phân loại nhóm nâng cao,,,,,,,,pending,
ce-lv013,en,junior,advanced category classification,,,,,,,,pending,
ce-lv013,vi,junior,phân loại nhóm nâng cao,,,,,,,,pending,
ce-lv014,en,junior,advanced category classification,,,,,,,,pending,
ce-lv014,vi,junior,phân loại nhóm nâng cao,,,,,,,,pending,
ce-lv015,en,junior,advanced category classification,,,,,,,,pending,
ce-lv015,vi,junior,phân loại nhóm nâng cao,,,,,,,,pending,
ce-lv016,en,junior,advanced category classification,,,,,,,,pending,
ce-lv016,vi,junior,phân loại nhóm nâng cao,,,,,,,,pending,
ce-lv017,en,junior,advanced category classification,,,,,,,,pending,
ce-lv017,vi,junior,phân loại nhóm nâng cao,,,,,,,,pending,
ce-lv018,en,junior,advanced category classification,,,,,,,,pending,
ce-lv018,vi,junior,phân loại nhóm nâng cao,,,,,,,,pending,
ce-lv019,en,junior,advanced category classification,,,,,,,,pending,
ce-lv019,vi,junior,phân loại nhóm nâng cao,,,,,,,,pending,
ce-lv020,en,junior,advanced category classification,,,,,,,,pending,
ce-lv020,vi,junior,phân loại nhóm nâng cao,,,,,,,,pending,
ce-lv021,en,junior,advanced category classification,,,,,,,,pending,
ce-lv021,vi,junior,phân loại nhóm nâng cao,,,,,,,,pending,
ce-lv022,en,junior,advanced category classification,,,,,,,,pending,
ce-lv022,vi,junior,phân loại nhóm nâng cao,,,,,,,,pending,
ce-lv023,en,junior,advanced category classification,,,,,,,,pending,
ce-lv023,vi,junior,phân loại nhóm nâng cao,,,,,,,,pending,
ce-lv024,en,junior,advanced category classification,,,,,,,,pending,
ce-lv024,vi,junior,phân loại nhóm nâng cao,,,,,,,,pending,
ce-lv025,en,junior,advanced category classification,,,,,,,,pending,
ce-lv025,vi,junior,phân loại nhóm nâng cao,,,,,,,,pending,
ce-lv026,en,explorer,advanced category classification,,,,,,,,pending,
ce-lv026,vi,explorer,phân loại nhóm nâng cao,,,,,,,,pending,
ce-lv027,en,explorer,advanced category classification,,,,,,,,pending,
ce-lv027,vi,explorer,phân loại nhóm nâng cao,,,,,,,,pending,
ce-lv028,en,explorer,advanced category classification,,,,,,,,pending,
ce-lv028,vi,explorer,phân loại nhóm nâng cao,,,,,,,,pending,
ce-lv029,en,explorer,advanced category classification,,,,,,,,pending,
ce-lv029,vi,explorer,phân loại nhóm nâng cao,,,,,,,,pending,
ce-lv030,en,explorer,advanced category classification,,,,,,,,pending,
ce-lv030,vi,explorer,phân loại nhóm nâng cao,,,,,,,,pending,
ce-lv031,en,explorer,advanced category classification,,,,,,,,pending,
ce-lv031,vi,explorer,phân loại nhóm nâng cao,,,,,,,,pending,
ce-lv032,en,explorer,advanced category classification,,,,,,,,pending,
ce-lv032,vi,explorer,phân loại nhóm nâng cao,,,,,,,,pending,
ce-lv033,en,explorer,advanced category classification,,,,,,,,pending,
ce-lv033,vi,explorer,phân loại nhóm nâng cao,,,,,,,,pending,
ce-lv034,en,explorer,advanced category classification,,,,,,,,pending,
ce-lv034,vi,explorer,phân loại nhóm nâng cao,,,,,,,,pending,
ce-lv035,en,explorer,advanced category classification,,,,,,,,pending,
ce-lv035,vi,explorer,phân loại nhóm nâng cao,,,,,,,,pending,
ce-lv036,en,explorer,advanced category classification,,,,,,,,pending,
ce-lv036,vi,explorer,phân loại nhóm nâng cao,,,,,,,,pending,
ce-lv037,en,explorer,advanced category classification,,,,,,,,pending,
ce-lv037,vi,explorer,phân loại nhóm nâng cao,,,,,,,,pending,
ce-lv038,en,explorer,advanced category classification,,,,,,,,pending,
ce-lv038,vi,explorer,phân loại nhóm nâng cao,,,,,,,,pending,
ce-lv039,en,explorer,advanced category classification,,,,,,,,pending,
ce-lv039,vi,explorer,phân loại nhóm nâng cao,,,,,,,,pending,
ce-lv040,en,explorer,advanced category classification,,,,,,,,pending,
ce-lv040,vi,explorer,phân loại nhóm nâng cao,,,,,,,,pending,
ce-lv041,en,explorer,advanced category classification,,,,,,,,pending,
ce-lv041,vi,explorer,phân loại nhóm nâng cao,,,,,,,,pending,
ce-lv042,en,explorer,advanced category classification,,,,,,,,pending,
ce-lv042,vi,explorer,phân loại nhóm nâng cao,,,,,,,,pending,
ce-lv043,en,explorer,advanced category classification,,,,,,,,pending,
ce-lv043,vi,explorer,phân loại nhóm nâng cao,,,,,,,,pending,
ce-lv044,en,explorer,advanced category classification,,,,,,,,pending,
ce-lv044,vi,explorer,phân loại nhóm nâng cao,,,,,,,,pending,
ce-lv045,en,explorer,advanced category classification,,,,,,,,pending,
ce-lv045,vi,explorer,phân loại nhóm nâng cao,,,,,,,,pending,
ce-lv046,en,explorer,advanced category classification,,,,,,,,pending,
ce-lv046,vi,explorer,phân loại nhóm nâng cao,,,,,,,,pending,
ce-lv047,en,explorer,advanced category classification,,,,,,,,pending,
ce-lv047,vi,explorer,phân loại nhóm nâng cao,,,,,,,,pending,
ce-lv048,en,explorer,advanced category classification,,,,,,,,pending,
ce-lv048,vi,explorer,phân loại nhóm nâng cao,,,,,,,,pending,
ce-lv049,en,explorer,advanced category classification,,,,,,,,pending,
ce-lv049,vi,explorer,phân loại nhóm nâng cao,,,,,,,,pending,
ce-lv050,en,explorer,advanced category classification,,,,,,,,pending,
ce-lv050,vi,explorer,phân loại nhóm nâng cao,,,,,,,,pending,
ce-lv051,en,master,advanced category classification,,,,,,,,pending,
ce-lv051,vi,master,phân loại nhóm nâng cao,,,,,,,,pending,
ce-lv052,en,master,advanced category classification,,,,,,,,pending,
ce-lv052,vi,master,phân loại nhóm nâng cao,,,,,,,,pending,
ce-lv053,en,master,advanced category classification,,,,,,,,pending,
ce-lv053,vi,master,phân loại nhóm nâng cao,,,,,,,,pending,
ce-lv054,en,master,advanced category classification,,,,,,,,pending,
ce-lv054,vi,master,phân loại nhóm nâng cao,,,,,,,,pending,
ce-lv055,en,master,advanced category classification,,,,,,,,pending,
ce-lv055,vi,master,phân loại nhóm nâng cao,,,,,,,,pending,
ce-lv056,en,master,advanced category classification,,,,,,,,pending,
ce-lv056,vi,master,phân loại nhóm nâng cao,,,,,,,,pending,
ce-lv057,en,master,advanced category classification,,,,,,,,pending,
ce-lv057,vi,master,phân loại nhóm nâng cao,,,,,,,,pending,
ce-lv058,en,master,advanced category classification,,,,,,,,pending,
ce-lv058,vi,master,phân loại nhóm nâng cao,,,,,,,,pending,
ce-lv059,en,master,advanced category classification,,,,,,,,pending,
ce-lv059,vi,master,phân loại nhóm nâng cao,,,,,,,,pending,
ce-lv060,en,master,advanced category classification,,,,,,,,pending,
ce-lv060,vi,master,phân loại nhóm nâng cao,,,,,,,,pending,
ce-lv061,en,master,advanced category classification,,,,,,,,pending,
ce-lv061,vi,master,phân loại nhóm nâng cao,,,,,,,,pending,
ce-lv062,en,master,advanced category classification,,,,,,,,pending,
ce-lv062,vi,master,phân loại nhóm nâng cao,,,,,,,,pending,
ce-lv063,en,master,advanced category classification,,,,,,,,pending,
ce-lv063,vi,master,phân loại nhóm nâng cao,,,,,,,,pending,
ce-lv064,en,master,advanced category classification,,,,,,,,pending,
ce-lv064,vi,master,phân loại nhóm nâng cao,,,,,,,,pending,
ce-lv065,en,master,advanced category classification,,,,,,,,pending,
ce-lv065,vi,master,phân loại nhóm nâng cao,,,,,,,,pending,
ce-lv066,en,master,advanced category classification,,,,,,,,pending,
ce-lv066,vi,master,phân loại nhóm nâng cao,,,,,,,,pending,
ce-lv067,en,master,advanced category classification,,,,,,,,pending,
ce-lv067,vi,master,phân loại nhóm nâng cao,,,,,,,,pending,
ce-lv068,en,master,advanced category classification,,,,,,,,pending,
ce-lv068,vi,master,phân loại nhóm nâng cao,,,,,,,,pending,
ce-lv069,en,master,advanced category classification,,,,,,,,pending,
ce-lv069,vi,master,phân loại nhóm nâng cao,,,,,,,,pending,
ce-lv070,en,master,advanced category classification,,,,,,,,pending,
ce-lv070,vi,master,phân loại nhóm nâng cao,,,,,,,,pending,
ce-lv071,en,master,advanced category classification,,,,,,,,pending,
ce-lv071,vi,master,phân loại nhóm nâng cao,,,,,,,,pending,
ce-lv072,en,master,advanced category classification,,,,,,,,pending,
ce-lv072,vi,master,phân loại nhóm nâng cao,,,,,,,,pending,
ce-lv073,en,master,advanced category classification,,,,,,,,pending,
ce-lv073,vi,master,phân loại nhóm nâng cao,,,,,,,,pending,
ce-lv074,en,master,advanced category classification,,,,,,,,pending,
ce-lv074,vi,master,phân loại nhóm nâng cao,,,,,,,,pending,
ce-lv075,en,master,advanced category classification,,,,,,,,pending,
ce-lv075,vi,master,phân loại nhóm nâng cao,,,,,,,,pending,
bts-lv001,en,junior,story sequencing,,,,,,,,pending,
bts-lv001,vi,junior,sắp xếp trình tự câu chuyện,,,,,,,,pending,
bts-lv002,en,junior,story sequencing,,,,,,,,pending,
bts-lv002,vi,junior,sắp xếp trình tự câu chuyện,,,,,,,,pending,
bts-lv003,en,junior,story sequencing,,,,,,,,pending,
bts-lv003,vi,junior,sắp xếp trình tự câu chuyện,,,,,,,,pending,
bts-lv004,en,junior,story sequencing,,,,,,,,pending,
bts-lv004,vi,junior,sắp xếp trình tự câu chuyện,,,,,,,,pending,
bts-lv005,en,junior,story sequencing,,,,,,,,pending,
bts-lv005,vi,junior,sắp xếp trình tự câu chuyện,,,,,,,,pending,
bts-lv006,en,junior,story sequencing,,,,,,,,pending,
bts-lv006,vi,junior,sắp xếp trình tự câu chuyện,,,,,,,,pending,
bts-lv007,en,junior,story sequencing,,,,,,,,pending,
bts-lv007,vi,junior,sắp xếp trình tự câu chuyện,,,,,,,,pending,
bts-lv008,en,junior,story sequencing,,,,,,,,pending,
bts-lv008,vi,junior,sắp xếp trình tự câu chuyện,,,,,,,,pending,
bts-lv009,en,junior,story sequencing,,,,,,,,pending,
bts-lv009,vi,junior,sắp xếp trình tự câu chuyện,,,,,,,,pending,
bts-lv010,en,junior,story sequencing,,,,,,,,pending,
bts-lv010,vi,junior,sắp xếp trình tự câu chuyện,,,,,,,,pending,
bts-lv011,en,junior,story sequencing,,,,,,,,pending,
bts-lv011,vi,junior,sắp xếp trình tự câu chuyện,,,,,,,,pending,
bts-lv012,en,junior,story sequencing,,,,,,,,pending,
bts-lv012,vi,junior,sắp xếp trình tự câu chuyện,,,,,,,,pending,
bts-lv013,en,junior,story sequencing,,,,,,,,pending,
bts-lv013,vi,junior,sắp xếp trình tự câu chuyện,,,,,,,,pending,
bts-lv014,en,junior,story sequencing,,,,,,,,pending,
bts-lv014,vi,junior,sắp xếp trình tự câu chuyện,,,,,,,,pending,
bts-lv015,en,junior,story sequencing,,,,,,,,pending,
bts-lv015,vi,junior,sắp xếp trình tự câu chuyện,,,,,,,,pending,
bts-lv016,en,junior,story sequencing,,,,,,,,pending,
bts-lv016,vi,junior,sắp xếp trình tự câu chuyện,,,,,,,,pending,
bts-lv017,en,junior,story sequencing,,,,,,,,pending,
bts-lv017,vi,junior,sắp xếp trình tự câu chuyện,,,,,,,,pending,
bts-lv018,en,junior,story sequencing,,,,,,,,pending,
bts-lv018,vi,junior,sắp xếp trình tự câu chuyện,,,,,,,,pending,
bts-lv019,en,junior,story sequencing,,,,,,,,pending,
bts-lv019,vi,junior,sắp xếp trình tự câu chuyện,,,,,,,,pending,
bts-lv020,en,junior,story sequencing,,,,,,,,pending,
bts-lv020,vi,junior,sắp xếp trình tự câu chuyện,,,,,,,,pending,
bts-lv021,en,junior,story sequencing,,,,,,,,pending,
bts-lv021,vi,junior,sắp xếp trình tự câu chuyện,,,,,,,,pending,
bts-lv022,en,junior,story sequencing,,,,,,,,pending,
bts-lv022,vi,junior,sắp xếp trình tự câu chuyện,,,,,,,,pending,
bts-lv023,en,junior,story sequencing,,,,,,,,pending,
bts-lv023,vi,junior,sắp xếp trình tự câu chuyện,,,,,,,,pending,
bts-lv024,en,junior,story sequencing,,,,,,,,pending,
bts-lv024,vi,junior,sắp xếp trình tự câu chuyện,,,,,,,,pending,
bts-lv025,en,junior,story sequencing,,,,,,,,pending,
bts-lv025,vi,junior,sắp xếp trình tự câu chuyện,,,,,,,,pending,
bts-lv026,en,explorer,story sequencing,,,,,,,,pending,
bts-lv026,vi,explorer,sắp xếp trình tự câu chuyện,,,,,,,,pending,
bts-lv027,en,explorer,story sequencing,,,,,,,,pending,
bts-lv027,vi,explorer,sắp xếp trình tự câu chuyện,,,,,,,,pending,
bts-lv028,en,explorer,story sequencing,,,,,,,,pending,
bts-lv028,vi,explorer,sắp xếp trình tự câu chuyện,,,,,,,,pending,
bts-lv029,en,explorer,story sequencing,,,,,,,,pending,
bts-lv029,vi,explorer,sắp xếp trình tự câu chuyện,,,,,,,,pending,
bts-lv030,en,explorer,story sequencing,,,,,,,,pending,
bts-lv030,vi,explorer,sắp xếp trình tự câu chuyện,,,,,,,,pending,
bts-lv031,en,explorer,story sequencing,,,,,,,,pending,
bts-lv031,vi,explorer,sắp xếp trình tự câu chuyện,,,,,,,,pending,
bts-lv032,en,explorer,story sequencing,,,,,,,,pending,
bts-lv032,vi,explorer,sắp xếp trình tự câu chuyện,,,,,,,,pending,
bts-lv033,en,explorer,story sequencing,,,,,,,,pending,
bts-lv033,vi,explorer,sắp xếp trình tự câu chuyện,,,,,,,,pending,
bts-lv034,en,explorer,story sequencing,,,,,,,,pending,
bts-lv034,vi,explorer,sắp xếp trình tự câu chuyện,,,,,,,,pending,
bts-lv035,en,explorer,story sequencing,,,,,,,,pending,
bts-lv035,vi,explorer,sắp xếp trình tự câu chuyện,,,,,,,,pending,
bts-lv036,en,explorer,story sequencing,,,,,,,,pending,
bts-lv036,vi,explorer,sắp xếp trình tự câu chuyện,,,,,,,,pending,
bts-lv037,en,explorer,story sequencing,,,,,,,,pending,
bts-lv037,vi,explorer,sắp xếp trình tự câu chuyện,,,,,,,,pending,
bts-lv038,en,explorer,story sequencing,,,,,,,,pending,
bts-lv038,vi,explorer,sắp xếp trình tự câu chuyện,,,,,,,,pending,
bts-lv039,en,explorer,story sequencing,,,,,,,,pending,
bts-lv039,vi,explorer,sắp xếp trình tự câu chuyện,,,,,,,,pending,
bts-lv040,en,explorer,story sequencing,,,,,,,,pending,
bts-lv040,vi,explorer,sắp xếp trình tự câu chuyện,,,,,,,,pending,
bts-lv041,en,explorer,story sequencing,,,,,,,,pending,
bts-lv041,vi,explorer,sắp xếp trình tự câu chuyện,,,,,,,,pending,
bts-lv042,en,explorer,story sequencing,,,,,,,,pending,
bts-lv042,vi,explorer,sắp xếp trình tự câu chuyện,,,,,,,,pending,
bts-lv043,en,explorer,story sequencing,,,,,,,,pending,
bts-lv043,vi,explorer,sắp xếp trình tự câu chuyện,,,,,,,,pending,
bts-lv044,en,explorer,story sequencing,,,,,,,,pending,
bts-lv044,vi,explorer,sắp xếp trình tự câu chuyện,,,,,,,,pending,
bts-lv045,en,explorer,story sequencing,,,,,,,,pending,
bts-lv045,vi,explorer,sắp xếp trình tự câu chuyện,,,,,,,,pending,
bts-lv046,en,explorer,story sequencing,,,,,,,,pending,
bts-lv046,vi,explorer,sắp xếp trình tự câu chuyện,,,,,,,,pending,
bts-lv047,en,explorer,story sequencing,,,,,,,,pending,
bts-lv047,vi,explorer,sắp xếp trình tự câu chuyện,,,,,,,,pending,
bts-lv048,en,explorer,story sequencing,,,,,,,,pending,
bts-lv048,vi,explorer,sắp xếp trình tự câu chuyện,,,,,,,,pending,
bts-lv049,en,explorer,story sequencing,,,,,,,,pending,
bts-lv049,vi,explorer,sắp xếp trình tự câu chuyện,,,,,,,,pending,
bts-lv050,en,explorer,story sequencing,,,,,,,,pending,
bts-lv050,vi,explorer,sắp xếp trình tự câu chuyện,,,,,,,,pending,
bts-lv051,en,master,story sequencing,,,,,,,,pending,
bts-lv051,vi,master,sắp xếp trình tự câu chuyện,,,,,,,,pending,
bts-lv052,en,master,story sequencing,,,,,,,,pending,
bts-lv052,vi,master,sắp xếp trình tự câu chuyện,,,,,,,,pending,
bts-lv053,en,master,story sequencing,,,,,,,,pending,
bts-lv053,vi,master,sắp xếp trình tự câu chuyện,,,,,,,,pending,
bts-lv054,en,master,story sequencing,,,,,,,,pending,
bts-lv054,vi,master,sắp xếp trình tự câu chuyện,,,,,,,,pending,
bts-lv055,en,master,story sequencing,,,,,,,,pending,
bts-lv055,vi,master,sắp xếp trình tự câu chuyện,,,,,,,,pending,
bts-lv056,en,master,story sequencing,,,,,,,,pending,
bts-lv056,vi,master,sắp xếp trình tự câu chuyện,,,,,,,,pending,
bts-lv057,en,master,story sequencing,,,,,,,,pending,
bts-lv057,vi,master,sắp xếp trình tự câu chuyện,,,,,,,,pending,
bts-lv058,en,master,story sequencing,,,,,,,,pending,
bts-lv058,vi,master,sắp xếp trình tự câu chuyện,,,,,,,,pending,
bts-lv059,en,master,story sequencing,,,,,,,,pending,
bts-lv059,vi,master,sắp xếp trình tự câu chuyện,,,,,,,,pending,
bts-lv060,en,master,story sequencing,,,,,,,,pending,
bts-lv060,vi,master,sắp xếp trình tự câu chuyện,,,,,,,,pending,
bts-lv061,en,master,story sequencing,,,,,,,,pending,
bts-lv061,vi,master,sắp xếp trình tự câu chuyện,,,,,,,,pending,
bts-lv062,en,master,story sequencing,,,,,,,,pending,
bts-lv062,vi,master,sắp xếp trình tự câu chuyện,,,,,,,,pending,
bts-lv063,en,master,story sequencing,,,,,,,,pending,
bts-lv063,vi,master,sắp xếp trình tự câu chuyện,,,,,,,,pending,
bts-lv064,en,master,story sequencing,,,,,,,,pending,
bts-lv064,vi,master,sắp xếp trình tự câu chuyện,,,,,,,,pending,
bts-lv065,en,master,story sequencing,,,,,,,,pending,
bts-lv065,vi,master,sắp xếp trình tự câu chuyện,,,,,,,,pending,
bts-lv066,en,master,story sequencing,,,,,,,,pending,
bts-lv066,vi,master,sắp xếp trình tự câu chuyện,,,,,,,,pending,
bts-lv067,en,master,story sequencing,,,,,,,,pending,
bts-lv067,vi,master,sắp xếp trình tự câu chuyện,,,,,,,,pending,
bts-lv068,en,master,story sequencing,,,,,,,,pending,
bts-lv068,vi,master,sắp xếp trình tự câu chuyện,,,,,,,,pending,
bts-lv069,en,master,story sequencing,,,,,,,,pending,
bts-lv069,vi,master,sắp xếp trình tự câu chuyện,,,,,,,,pending,
bts-lv070,en,master,story sequencing,,,,,,,,pending,
bts-lv070,vi,master,sắp xếp trình tự câu chuyện,,,,,,,,pending,
bts-lv071,en,master,story sequencing,,,,,,,,pending,
bts-lv071,vi,master,sắp xếp trình tự câu chuyện,,,,,,,,pending,
bts-lv072,en,master,story sequencing,,,,,,,,pending,
bts-lv072,vi,master,sắp xếp trình tự câu chuyện,,,,,,,,pending,
bts-lv073,en,master,story sequencing,,,,,,,,pending,
bts-lv073,vi,master,sắp xếp trình tự câu chuyện,,,,,,,,pending,
bts-lv074,en,master,story sequencing,,,,,,,,pending,
bts-lv074,vi,master,sắp xếp trình tự câu chuyện,,,,,,,,pending,
bts-lv075,en,master,story sequencing,,,,,,,,pending,
bts-lv075,vi,master,sắp xếp trình tự câu chuyện,,,,,,,,pending,
